name,price,picture-src,brand,type
ADIDAS RAF SIMONS TORSION ADILETTE SLIPPER,$56.00 ,//cdn.shopify.com/s/files/1/0015/6611/3861/products/6b2e24ddad87a0f488fe468ac2975f89_2400x.jpg?v=1566847699,ADIDAS BY RAF SIMONS,footwear
MASTERMIND WORLD IPHONE 11 PRO MAX CASE,$60.00 ,//cdn.shopify.com/s/files/1/0015/6611/3861/products/3fb981372079a05124130c9406c93465_2400x.jpg?v=1576967587,MASTERMIND WORLD,accessory
ADIDAS TENNIS HU HUMAN MADE SNEAKERS,$65.00 ,//cdn.shopify.com/s/files/1/0015/6611/3861/products/939490e2b9ca99558e37412bb71cc5e3_2400x.jpg?v=1570212036,ADIDAS,footwear
PALM ANGELS LOGO AIRPODS CASE,$80.00 ,//cdn.shopify.com/s/files/1/0015/6611/3861/products/400bfcf8e37ff4178f0fab1e0181af1b_2400x.jpg?v=1584139647,PALM ANGELS,accessory
OFF WHITE PUZZLE IPHONE 11 PRO CASE,$90.00 ,//cdn.shopify.com/s/files/1/0015/6611/3861/products/bdd2de9220fac5f5e038f1bd22c5131d_2400x.jpg?v=1583518603,OFF-WHITE,accessory
CANADA GOOSE MEN STANDARD TOQUE 5116M,$95.00 ,//cdn.shopify.com/s/files/1/0015/6611/3861/products/265938b85e32fd04d7dcc49f93588bb8_2400x.jpg?v=1577482659,CANADA GOOSE,accessory
OFF-WHITE DRIPPING ARROWS IPHONE XS MAX COVER,$100.00 ,//cdn.shopify.com/s/files/1/0015/6611/3861/products/b22a093c44e63fecfb76cf74e04dcb8b_2400x.jpg?v=1575213651,OFF-WHITE,accessory
ADIDAS X 424 SC PREMIER,$140.00 ,//cdn.shopify.com/s/files/1/0015/6611/3861/products/ea484b97ce4c6b0d46d9e2be3b5f2aa3_2400x.jpg?v=1576431573,ADIDAS,footwear
STONE ISLAND MEN LOGO EMBROIDERY SHORT SLEEVES T-SHIRT,$145.00 ,//cdn.shopify.com/s/files/1/0015/6611/3861/products/eed948f819417e699f3e882a22e14459_2400x.jpg?v=1585259863,STONE ISLAND,top
STONE ISLAND MEN GRAPHIC LOGO T-SHIRT,$145.00 ,//cdn.shopify.com/s/files/1/0015/6611/3861/products/b99295b77cefc4bdd58385857d50689b_2400x.jpg?v=1578528844,STONE ISLAND,top
Y-3 ZX TORSION SNEAKER,$150.00 ,//cdn.shopify.com/s/files/1/0015/6611/3861/products/314c5f676b5618991a2a193a49b65305_2400x.jpg?v=1570805254,Y-3,footwear
MA+ ROLLED CLOSED POUCH,$150.00 ,//cdn.shopify.com/s/files/1/0015/6611/3861/products/c6b80acea53a4944f63a01b8827d0f19_2400x.jpg?v=1569880699,MA+,accessory
MARTINE ROSE MEN T-SHIRT WITH CLOWN ARTWORK,$155.00 ,//cdn.shopify.com/s/files/1/0015/6611/3861/products/14329683_24945467_1000_2400x.jpg?v=1582159771,MARTINE ROSE,top
DRKSHDW MEN AFFLICTION PRINT LEVEL TEE,$165.00 ,//cdn.shopify.com/s/files/1/0015/6611/3861/products/d2ead5a33b353b91ff8018d19d3e93a7_2400x.jpg?v=1569441023,RICK OWENS DRKSHDW,top
MARTINE ROSE MEN CLASSIC LONG SLEEVE T-SHIRT,$165.00 ,//cdn.shopify.com/s/files/1/0015/6611/3861/products/74a33adbcee9876c34d0ff688a19e292_2400x.jpg?v=1579297339,MARTINE ROSE,top
RICK OWENS TEARDRIO KEYCHAIN,$168.00 ,//cdn.shopify.com/s/files/1/0015/6611/3861/products/d4f9a016610a2c1fe675a14ca094e1e3_2400x.jpg?v=1581358455,RICK OWENS,accessory
OFF-WHITE MEN SPRAY STRIPES SLIDERS,$170.00 ,//cdn.shopify.com/s/files/1/0015/6611/3861/products/3ae8dcd4f2572185f78384219059e099_2400x.jpg?v=1576430874,OFF-WHITE,footwear
STONE ISLAND SPORTSWEAR DECONSTRUCTED LOGO T-SHIRT,$170.00 ,//cdn.shopify.com/s/files/1/0015/6611/3861/products/2774808910e015be6a342333a64043bc_2400x.jpg?v=1580841960,STONE ISLAND,top
STONE ISLAND MEN LOGO EMBROIDERY LONG SLEEVES T-SHIRT,$170.00 ,//cdn.shopify.com/s/files/1/0015/6611/3861/products/011e725780c7f381354726f3c919c713_2400x.jpg?v=1578528741,STONE ISLAND,top
STONE ISLAND MEN LOGO LONG SLEEVE T-SHIRT,$170.00 ,//cdn.shopify.com/s/files/1/0015/6611/3861/products/ab0abbaaee1b2121064ad5c92c80aa34_2400x.jpg?v=1580841599,STONE ISLAND,top
RICK OWENS SMALL NECK HOOK KEY CHAIN,$173.00 ,//cdn.shopify.com/s/files/1/0015/6611/3861/products/8a2d5bfc8f5e698a256b823fa1d832bd_2400x.jpg?v=1576967029,RICK OWENS,top
MA+ CALF LEATHER MINI SHELL POUCH NECKLACE,$175.00 ,//cdn.shopify.com/s/files/1/0015/6611/3861/products/23d148de9a07698fe138b3ce340a4410_2400x.jpg?v=1572971403,MA+,accessory
MA+ MINI SHELL POUCH NECKLACE,$175.00 ,//cdn.shopify.com/s/files/1/0015/6611/3861/products/6ab9e4bca70d61e3e3056a93229550de_2400x.jpg?v=1572971639,MA+,accessory
MARTINE ROSE MEN TWO-WAY T-SHIRT,$180.00 ,//cdn.shopify.com/s/files/1/0015/6611/3861/products/7e42075f22e2badc5ae137c59d6ec77e_2400x.jpg?v=1579642831,MARTINE ROSE,accessory
OFF-WHITE MEN ARROW KEY HOLDER,$180.00 ,//cdn.shopify.com/s/files/1/0015/6611/3861/products/4b5753258a91eb9caecc1a6ce77fb282_2400x.jpg?v=1575601721,OFF-WHITE,top
ADIDAS X 424 PROMODEL 80s,$180.00 ,//cdn.shopify.com/s/files/1/0015/6611/3861/products/5c03fc63917324770aa848e58477dd29_2400x.jpg?v=1575919062,ADIDAS,accessory
OFF-WHITE MEN CARRYOVER MINI INDUSTRIAL BELT,$180.00 ,//cdn.shopify.com/s/files/1/0015/6611/3861/products/979ef7a750e2301c009fc441219cd15b_2400x.jpg?v=1582914689,OFF-WHITE,footwear
UNDERCOVER MEN DRACULA T-SHIRT,$180.00 ,//cdn.shopify.com/s/files/1/0015/6611/3861/products/c4227feadc9db8eb57a47c779420dd70_2400x.jpg?v=1580753627,UNDERCOVER,accessory
"1017 ALYX 9SM MEN S/S TEE W/ ""A"" SPHERE",$185.00 ,//cdn.shopify.com/s/files/1/0015/6611/3861/products/e862479374ad727b67135387bebd61ae_2400x.jpg?v=1580482699,1017 ALYX 9SM,top
DRKSHDW MEN STAR LEVEL TEE,$186.00 ,//cdn.shopify.com/s/files/1/0015/6611/3861/products/1fb656bf98dd13d3cddb7a5787cacffc_2400x.jpg?v=1581358377,RICK OWENS DRKSHDW,top
MA+ CALF LEATHER MINI ACCORDION POUCH,$188.00 ,//cdn.shopify.com/s/files/1/0015/6611/3861/products/bd9c8af324a39de8addd5db4935643e5_2400x.jpg?v=1572971319,MA+,top
YOHJI YAMAMOTO NEW ERA SIDE LOGO CAP,$190.00 ,//cdn.shopify.com/s/files/1/0015/6611/3861/products/634583b32c83fd7e8bbb375f3dbd80a1_2400x.jpg?v=1584042032,YOHJI YAMAMOTO POUR HOMME,accessory
RICK OWENS MEN LEVEL TEE,$204.00 ,//cdn.shopify.com/s/files/1/0015/6611/3861/products/6aedd71cc84a5a53ba779b1c43445aca_2400x.jpg?v=1576965329,RICK OWENS,accessory
MA+ MINIATURE ENVELOPE POUCH,$205.00 ,//cdn.shopify.com/s/files/1/0015/6611/3861/products/3fc75b8ce8060f4c845c3dde2f896b86_2400x.jpg?v=1569880786,MA+,accessory
YOHJI YAMAMOTO NEW ERA METAL LOGO CAP,$210.00 ,//cdn.shopify.com/s/files/1/0015/6611/3861/products/128fc9a5df61e776acc1fb7d0ccfad35_2400x.jpg?v=1583867591,YOHJI YAMAMOTO POUR HOMME,top
OFF-WHITE MEN CARRYOVER INDUSTRIAL BELT,$215.00 ,//cdn.shopify.com/s/files/1/0015/6611/3861/products/6058b8f1ec24cb1a6f0325b20de9af72_2400x.jpg?v=1582914685,OFF-WHITE,top
DRKSHDW MEN LEVEL TEE,$222.00 ,//cdn.shopify.com/s/files/1/0015/6611/3861/products/a5b123e886458672a66f40beb8de72ff_2400x.jpg?v=1583697706,RICK OWENS DRKSHDW,accessory
CODY SANDERSON OVERWRAPPING RING,$225.00 ,//cdn.shopify.com/s/files/1/0015/6611/3861/products/a29a4b31f7c9cf715944d725a8025b40_a4bb42a9-05d5-44c3-9033-fc9829efa375_2400x.png?v=1571001284,CODY SANDERSON,accessory
WERKSTATT MUNCHEN BANGLE HOOK LINES M2640 LI,$230.00 ,//cdn.shopify.com/s/files/1/0015/6611/3861/products/21bccb34c30cce662278f284a3230eb2_2400x.jpg?v=1570896878,WERKSTATT MUNCHEN,accessory
Y-3 MEN HEAVY SS SHIRT,$230.00 ,//cdn.shopify.com/s/files/1/0015/6611/3861/products/079b4e326ea03b357c98ff5c5bbc7783_2400x.jpg?v=1582844147,Y-3,top
RICK OWENS MEN KNIT T-SHIRT,$235.00 ,//cdn.shopify.com/s/files/1/0015/6611/3861/products/e5a70cfa235b06280879755bc3303926_2400x.jpg?v=1577662285,RICK OWENS,accessory
VETEMENTS UNISEX MONSTERS STICKERS IPHONE XS CASE,$240.00 ,//cdn.shopify.com/s/files/1/0015/6611/3861/products/5df6b6beb53d981490c7b3277ec8e8ba_2400x.jpg?v=1577221973,VETEMENTS,accessory
VETEMENTS UNISEX MONSTERS STICKERS IPHONE XS MAX CASE,$240.00 ,//cdn.shopify.com/s/files/1/0015/6611/3861/products/9b78554b730860b323f82872f009d062_2400x.jpg?v=1577221977,VETEMENTS,top
RICK OWENS MEN UFW PRINT LEVEL TEE,$240.00 ,//cdn.shopify.com/s/files/1/0015/6611/3861/products/046ccf32b6606db79e5f66f8a22d201f_2400x.jpg?v=1585087582,RICK OWENS,top
STONE ISLAND MEN CAMO T-SHIRT,$240.00 ,//cdn.shopify.com/s/files/1/0015/6611/3861/products/fbdf2b9cff3298a01862021667bb352d_2400x.jpg?v=1585262322,STONE ISLAND,accessory
OFF-WHITE WATER BOTTLE,$240.00 ,//cdn.shopify.com/s/files/1/0015/6611/3861/products/b49bd90a02f5a9cc960e091d27158222_2400x.jpg?v=1581624996,OFF-WHITE,accessory
RICK OWENS MEN DOUBLE SHORT SLEEVE TEE,$247.00 ,//cdn.shopify.com/s/files/1/0015/6611/3861/products/1dcd6d53a2801071f313bb8b37c49909_2400x.jpg?v=1575936896,RICK OWENS,top
RICK OWENS MEN DUSTULATOR TEE,$248.00 ,//cdn.shopify.com/s/files/1/0015/6611/3861/products/0671824034772378465025eff13e254a_2400x.jpg?v=1583608904,RICK OWENS,top
WERKSTATT MUNCHEN HOOP EARRINGS SUPER FINE M4501,$250.00 ,//cdn.shopify.com/s/files/1/0015/6611/3861/products/1565f458c1786589f936167075e1fa8f_2400x.jpg?v=1569184301,WERKSTATT MUNCHEN,accessory
ADIDAS X ALEXANDER WANG AW BBALL SOCCER,$250.00 ,//cdn.shopify.com/s/files/1/0015/6611/3861/products/e209dcc267e3c9a311fd7df45ce26ec7_2400x.jpg?v=1577475481,ADIDAS,accessory
WERKSTATT MUNCHEN BANGLE SIDE HOOK ROPE,$250.00 ,//cdn.shopify.com/s/files/1/0015/6611/3861/products/2e170b57af6b8255e72453d75c4c8d27_2400x.jpg?v=1569178405,WERKSTATT MUNCHEN,accessory
CANADA GOOSE MENS THERMAL TOQUE 5123M 61 BLACK,$250.00 ,//cdn.shopify.com/s/files/1/0015/6611/3861/products/c3bb3929052e426bff744954670c7033_2400x.jpg?v=1579037506,CANADA GOOSE,accessory
OFF-WHITE MEN MINI 2.0 INDUSTRIAL BELT,$250.00 ,//cdn.shopify.com/s/files/1/0015/6611/3861/products/72acf9d15ebc9d0fd4c9542d14e27add_2400x.jpg?v=1575428265,OFF-WHITE,accessory
MA+ CALF LEATHER MINI SILVER RIM POUCH NECKLACE,$250.00 ,//cdn.shopify.com/s/files/1/0015/6611/3861/products/df38deb9c427fc31afa7630475c4e33d_2400x.jpg?v=1572972637,MA+,accessory
SONG FOR THE MUTE MEN LOGO OVERSIZED TEE,$250.00 ,//cdn.shopify.com/s/files/1/0015/6611/3861/products/03c098900645c9bd9c010728cd20e115_2400x.jpg?v=1578154940,SONG FOR THE MUTE,top
DRKSHDW MEN LONG SLEEVE LEVEL TEE,$252.00 ,//cdn.shopify.com/s/files/1/0015/6611/3861/products/16d5f3b68a81b2c6a6b095caeb825c01_2400x.jpg?v=1581361611,RICK OWENS DRKSHDW,top
OFF-WHITE MEN HALF ARROW MAN 5 PANEL CAP,$255.00 ,//cdn.shopify.com/s/files/1/0015/6611/3861/products/d452e5b99fa906fdcbc84f8b7fdd4e0e_2400x.jpg?v=1582913434,OFF-WHITE,top
OFF-WHITE MEN DISRUPTED FONT 5 PANEL CAP,$255.00 ,//cdn.shopify.com/s/files/1/0015/6611/3861/products/49fcb97135a50ccfc8737fd4e55e32d5_2400x.jpg?v=1582928462,OFF-WHITE,top
GR10K MEN KLOPMAN SHORT SLEEVE TUNE OVERSHIRT,$265.00 ,//cdn.shopify.com/s/files/1/0015/6611/3861/products/d4e4247cc7fa880c6c8a8061b713fbe4_2400x.jpg?v=1582842734,GR10K,top
MAISON MARGIELA MEN RUBBER LOGO CANVAS BELT,$265.00 ,//cdn.shopify.com/s/files/1/0015/6611/3861/products/9a985c4de5b28ea3fb78a5de7e05f72b_2400x.jpg?v=1579034815,MAISON MARGIELA,accessory
PALM ANGELS MEN VELCRO VULCANIZED SNEAKERS,$270.00 ,//cdn.shopify.com/s/files/1/0015/6611/3861/products/bf350f31f55af51e672efa21a34ef955_2400x.jpg?v=1575430735,PALM ANGELS,footwear
WERKSTATT MUNCHEN BANGLE HOOK PATTERN M2640 PA,$270.00 ,//cdn.shopify.com/s/files/1/0015/6611/3861/products/d8ad08ba212f63840c413a5856ce5a9d_2400x.jpg?v=1569181604,WERKSTATT MUNCHEN,accessory
OFF-WHITE MEN MULTI SYMBOLS S/S SLIM TEE,$275.00 ,//cdn.shopify.com/s/files/1/0015/6611/3861/products/a0e7b7031c559111b5001e2cd775ac6c_2400x.jpg?v=1582845978,OFF-WHITE,top
OFF-WHITE MEN HALF ARROW MAN S/S SLIM TEE,$275.00 ,//cdn.shopify.com/s/files/1/0015/6611/3861/products/e40c726bebb71c4020650ad30d1a92f3_2400x.jpg?v=1582845270,OFF-WHITE,top
STONE ISLAND SHADOW PROJECT MEN PRINTED T-SHIRT,$275.00 ,//cdn.shopify.com/s/files/1/0015/6611/3861/products/5c4831acfc0f93af1741ed006ec1eb16_2400x.jpg?v=1578528103,STONE ISLAND SHADOW PROJECT,top
GR10K MEN KLOPMAN CONTRAST COMBAR POCKET PANTS,$275.00 ,//cdn.shopify.com/s/files/1/0015/6611/3861/products/6144f26ecf354699eb148651b34d0a99_2400x.jpg?v=1582842222,GR10K,pants
PALM ANGELS MEN NEW BASIC TEE,$275.00 ,//cdn.shopify.com/s/files/1/0015/6611/3861/products/8457d467430659a6fb2b47a98362952e_2400x.jpg?v=1575668317,PALM ANGELS,top
HOMME PLISSE MENS PLEATED TOP BLACK,$276.00 ,//cdn.shopify.com/s/files/1/0015/6611/3861/products/022415b185c7b0ba6cb4e736f605803b_2400x.jpg?v=1580942182,HOMME PLISSE ISSEY MIYAKE,top
WERKSTATT MUNCHEN HOOP EARRINGS TWISTED M4515,$280.00 ,//cdn.shopify.com/s/files/1/0015/6611/3861/products/a621e9868f10fd0a4e38d157b1e3caef_2400x.jpg?v=1569186994,WERKSTATT MUNCHEN,accessory
YOHJI YAMAMOTO NEW ERA SHORT SLEEVE YY DOG LOGO T-SHIRT,$280.00 ,//cdn.shopify.com/s/files/1/0015/6611/3861/products/df818a09a1039a482ce9927661cd5ddd_2400x.jpg?v=1584041652,YOHJI YAMAMOTO POUR HOMME,top
Y-3 MEN YUBEN MID SNEAKERS,$280.00 ,//cdn.shopify.com/s/files/1/0015/6611/3861/products/2e49a0fe83cfe141c29ddce77901c3eb_2400x.jpg?v=1581458042,Y-3,footwear
RICK OWENS MEN TONGUE LEATHER BELT,$288.00 ,//cdn.shopify.com/s/files/1/0015/6611/3861/products/8a16cc3db33f7b0c25f5ab61ed3fd6ff_2400x.jpg?v=1576966185,RICK OWENS,accessory
SONG FOR THE MUTE MEN BROWN DOOR OVERSIZED TEE,$290.00 ,//cdn.shopify.com/s/files/1/0015/6611/3861/products/5af683971580665dcc9264d70d42df0c_2400x.jpg?v=1579301204,SONG FOR THE MUTE,top
OFF-WHITE MEN 2.0 INDUSTRIAL BELT SHORT,$290.00 ,//cdn.shopify.com/s/files/1/0015/6611/3861/products/85b24d6348c3539acc96954cb644ac7b_2400x.jpg?v=1576088214,OFF-WHITE,accessory
WERKSTATT MUNCHEN X ATELIER NY SIGNET RING PLATED SHADE M1132,$290.00 ,//cdn.shopify.com/s/files/1/0015/6611/3861/products/31c004c00a51441be9d37fd004a7c82c_2400x.jpg?v=1571245374,WERKSTATT MUNCHEN,accessory
OFF-WHITE MEN ARROW LOGO S/S SLIM TEE,$295.00 ,//cdn.shopify.com/s/files/1/0015/6611/3861/products/f67e5cf3fc7e054400d1b7efe6f7b826_2400x.jpg?v=1576419354,OFF-WHITE,top
OFF-WHITE MEN DISRUPTED FONT S/S SLIM TEE,$295.00 ,//cdn.shopify.com/s/files/1/0015/6611/3861/products/a19932e6f7cde1d97c4f6c3b28a85a20_2400x.jpg?v=1582845101,OFF-WHITE,top
MAISON MARGIELA TABI KEYCHAIN,$295.00 ,//cdn.shopify.com/s/files/1/0015/6611/3861/products/934d8062d3c22c9ab2c42ffbffd92389_2400x.jpg?v=1576117331,MAISON MARGIELA,accessory
AMBUSH LOGO LIGHTER CASE NECKLACE,$300.00 ,//cdn.shopify.com/s/files/1/0015/6611/3861/products/a45e98713f985b7fc5ce5b861f69e963_2400x.jpg?v=1582200338,AMBUSH,accessory
HOMME PLISSE MENS JERSEY SHIRT,$300.00 ,//cdn.shopify.com/s/files/1/0015/6611/3861/products/6a1e8178e3a8aa71177edacd73fcc4c8_2400x.jpg?v=1580942650,HOMME PLISSE ISSEY MIYAKE,top
AMBUSH LOGO LIGHTER CASE KEY CHAIN,$300.00 ,//cdn.shopify.com/s/files/1/0015/6611/3861/products/a4baf0839628245166a2f4494057b7b6_2400x.jpg?v=1582200352,AMBUSH,accessory
WERKSTATT MUNCHEN RING WOUND TRACE M1977,$300.00 ,//cdn.shopify.com/s/files/1/0015/6611/3861/products/0e846e8920de2f5a6246d07ce9266d1f_2400x.jpg?v=1570809603,WERKSTATT MUNCHEN,accessory
THE NORTH FACE BLACK SERIES UNISEX SPACER KNIT CREWNECK,$300.00 ,//cdn.shopify.com/s/files/1/0015/6611/3861/products/7b8d483e7a0cd4cd1061536750439f1d_2400x.jpg?v=1585410851,THE NORTH FACE,top
Y-3 YOHJI STAR,$300.00 ,//cdn.shopify.com/s/files/1/0015/6611/3861/products/cd771227d3b84f2e5e7238e5d9d1d607_2400x.jpg?v=1582042269,Y-3,footwear
LABEL UNDER CONSTRUCTION MEN DIGITAL KNIT #1 T-SHIRT,$310.00 ,//cdn.shopify.com/s/files/1/0015/6611/3861/products/f9c5c1a233385caeb8b0497c3aa2e762_2400x.jpg?v=1565208899,LABEL UNDER CONSTRUCTION,top
STONE ISLAND MEN KNITTED SWEATSHIRT,$310.00 ,//cdn.shopify.com/s/files/1/0015/6611/3861/products/60f98cd608fc23c944dcb7be055037bf_2400x.jpg?v=1580058678,STONE ISLAND,top
OFF-WHITE MEN DIAG LOW VULCANIZED SNEAKERS,$310.00 ,//cdn.shopify.com/s/files/1/0015/6611/3861/products/7c6fcea1d1273ae8b22a38db907561f7_2400x.jpg?v=1575343111,OFF-WHITE,footwear
YOHJI YAMAMOTO POUR HOMME MESSAGE KEY RING,$310.00 ,//cdn.shopify.com/s/files/1/0015/6611/3861/products/846b38b56f7c4964bc7217d69795fc30_2400x.jpg?v=1581635262,YOHJI YAMAMOTO POUR HOMME,accessory
PALM ANGELS ANGEL BEAR PUPPET,$313.00 ,//cdn.shopify.com/s/files/1/0015/6611/3861/products/e801a08e8626053e29a24cee16adc4ae_2400x.jpg?v=1562096767,PALM ANGELS,accessory
STONE ISLAND MEN PIRNTED SWEATSHIRT,$315.00 ,//cdn.shopify.com/s/files/1/0015/6611/3861/products/011beb46a7a57191f973d8f959ed097d_2400x.jpg?v=1585259535,STONE ISLAND,top
STONE ISLAND MEN LOGO PATCH SWEATSHIRT,$315.00 ,//cdn.shopify.com/s/files/1/0015/6611/3861/products/2a36a6b208e8242e1185a02d047fc16a_2400x.jpg?v=1580842425,STONE ISLAND,top
MAISON MARGIELA MEN WASHED OVERSIZE T-SHIRT,$320.00 ,//cdn.shopify.com/s/files/1/0015/6611/3861/products/36cca66004a2b443baf5827f264bbf0a_2400x.jpg?v=1578183946,MAISON MARGIELA,top
LABEL UNDER CONSTRUCTION MEN DIGITAL KNIT #4 T-SHIRT,$320.00 ,//cdn.shopify.com/s/files/1/0015/6611/3861/products/eccadf55aa2f03c6b06d02a852b77983_2400x.jpg?v=1565209067,LABEL UNDER CONSTRUCTION,top
VETEMENTS UNISEX GOOD FORTUNE T-SHIRT,$320.00 ,//cdn.shopify.com/s/files/1/0015/6611/3861/products/96e0ae9551904d3af4f64339fbf593c8_2400x.jpg?v=1577220692,VETEMENTS,top
WERKSTATT MUNCHEN BANGLE HOOK TRACE M2640 TR,$320.00 ,//cdn.shopify.com/s/files/1/0015/6611/3861/products/9a8074a12800a9aa7e34c373e4f75a45_2400x.jpg?v=1569182219,WERKSTATT MUNCHEN,accessory
OFF-WHITE MEN 3D CROSSED OFF S/S SLIM TEE,$320.00 ,//cdn.shopify.com/s/files/1/0015/6611/3861/products/327d8914bf9f543ce37e4762f773cbf0_2400x.jpg?v=1575938453,OFF-WHITE,top
IN AISCE UNISEX ATLANTIDA DRESS,$322.50 ,//cdn.shopify.com/s/files/1/0015/6611/3861/products/0ed9cfcea7cdd26d3d135f6064079e94_2400x.jpg?v=1570919494,IN AISCE,dress
ZIGGY CHEN MEN BUTTON DOWN WAISTCOAT,$324.00 ,//cdn.shopify.com/s/files/1/0015/6611/3861/products/1f0c728a5dd1b5ed39ff12c20d35f941_2400x.jpg?v=1581700889,ZIGGY CHEN,jacket
RICK OWENS MEN DOUBLE LONG SLEEVE TEE,$327.00 ,//cdn.shopify.com/s/files/1/0015/6611/3861/products/6602d465f1c94529d9cb8d177b72d56b_2400x.jpg?v=1576965571,RICK OWENS,top
LABEL UNDER CONSTRUCTION MEN ARCHED LANDSLIDE SWEATER,$330.00 ,//cdn.shopify.com/s/files/1/0015/6611/3861/products/1_66dc6318-bfc2-4f94-9b8a-e05b7218da9c_2400x.jpg?v=1570473703,LABEL UNDER CONSTRUCTION,top
WERKSTATT MUNCHEN RING WOUND MARKS,$330.00 ,//cdn.shopify.com/s/files/1/0015/6611/3861/products/334c3cc50f2f2094056a46a1930e283f_2400x.jpg?v=1570557278,WERKSTATT MUNCHEN,accessory
WERKSTATT MUNCHEN BRACELET SNAP LINK M2653,$330.00 ,//cdn.shopify.com/s/files/1/0015/6611/3861/products/c3f6b1719857e6be4b3aa468616f7b67_2400x.jpg?v=1569183118,WERKSTATT MUNCHEN,accessory
OFF-WHITE MEN SPRAY PAINTING SHORT SLEEVE SLIM TEE,$330.00 ,//cdn.shopify.com/s/files/1/0015/6611/3861/products/1fabcdfa03f43c043fffeab542fcc63b_2400x.jpg?v=1581621448,OFF-WHITE,top
Y-3 YOHJI PRO,$330.00 ,//cdn.shopify.com/s/files/1/0015/6611/3861/products/7a64c64e0c7fd2ded44906ad125dfa21_2400x.jpg?v=1582844135,Y-3,accessory
OFF-WHITE MEN TAPE ARROWS SHORT SLEEVE OVER TEE,$330.00 ,//cdn.shopify.com/s/files/1/0015/6611/3861/products/0acd2bb719bcf341dc6e2b0120b6e4ac_2400x.jpg?v=1581622235,OFF-WHITE,top
1017 ALYX 9SM MEN HOODED TEE W/ RUBBER PATCH AND PRINT,$330.00 ,//cdn.shopify.com/s/files/1/0015/6611/3861/products/36192159ee873f393c462c30537133b0_2400x.jpg?v=1579302205,1017 ALYX 9SM,top
OFF-WHITE MEN DRIPPING ARROWS S/S SLIM TEE,$335.00 ,//cdn.shopify.com/s/files/1/0015/6611/3861/products/934e73e9ea9a6bcbc82c25e7e13cab09_2400x.jpg?v=1575211889,OFF-WHITE,top
OFF-WHITE MEN SPRAY PAINTING S/S OVER TEE,$335.00 ,//cdn.shopify.com/s/files/1/0015/6611/3861/products/52c9479d7cdbec212946cf9292d92ee0_2400x.jpg?v=1576000152,OFF-WHITE,top
OFF-WHITE MEN CARAVAGGIO ARROW S/S SLIM TEE,$335.00 ,//cdn.shopify.com/s/files/1/0015/6611/3861/products/69c909c23bc4e6519a2549b0a03b133d_2400x.jpg?v=1582845084,OFF-WHITE,top
OFF-WHITE MEN AIRPORT TAPE S/S SLIM TEE,$335.00 ,//cdn.shopify.com/s/files/1/0015/6611/3861/products/1e75be144bfc3767a421e688c4a7e060_2400x.jpg?v=1582844718,OFF-WHITE,top
WERKSTATT MUNCHEN EARRINGS LOOP EMBOSSED,$335.00 ,//cdn.shopify.com/s/files/1/0015/6611/3861/products/4ec27e39f8851222567e0d5578dc9e28_2400x.jpg?v=1553008409,WERKSTATT MUNCHEN,accessory
OFF-WHITE MEN TAPE ARROWS S/S SLIM TEE,$335.00 ,//cdn.shopify.com/s/files/1/0015/6611/3861/products/b56e03668dfd120d38b882c58e456347_2400x.jpg?v=1575212220,OFF-WHITE,top
OFF-WHITE MEN CARTOON S/S SLIM TEE,$335.00 ,//cdn.shopify.com/s/files/1/0015/6611/3861/products/36fd2096716865136394694439edcb69_2400x.jpg?v=1576430316,OFF-WHITE,top
OFF-WHITE MEN AIRPORT TAPE S/S OVER TEE,$335.00 ,//cdn.shopify.com/s/files/1/0015/6611/3861/products/ff8375b6c4ead8133a67e04d47ff9031_2400x.jpg?v=1582846154,OFF-WHITE,top
OFF-WHITE MEN TAPE ARROWS S/S OVER TEE,$335.00 ,//cdn.shopify.com/s/files/1/0015/6611/3861/products/c63e335404b40067273fd62fed7ea6f2_2400x.jpg?v=1576431057,OFF-WHITE,top
OFF-WHITE MEN ARCH SHAPES S/S SLIM TEE,$335.00 ,//cdn.shopify.com/s/files/1/0015/6611/3861/products/da1c7cb34bce46cf9ffe82800fc80ed3_2400x.jpg?v=1575211436,OFF-WHITE,top
OFF-WHITE MEN DRIPPING ARROWS S/S OVER TEE,$335.00 ,//cdn.shopify.com/s/files/1/0015/6611/3861/products/63dc2d5f7aff1e14bdd3bdf1035765bc_2400x.jpg?v=1576000169,OFF-WHITE,top
OFF-WHITE MEN CARAVAGGIO ARROW S/S OVER TEE,$335.00 ,//cdn.shopify.com/s/files/1/0015/6611/3861/products/efac1b51887c959ecc692d86f03cffd0_2400x.jpg?v=1582847117,OFF-WHITE,top
MA+ MEN ONE PIECE SHORT SLEEVE T-SHIRT,$335.00 ,//cdn.shopify.com/s/files/1/0015/6611/3861/products/1_35919727-9e10-47cd-8fd7-bb2dc24c1204_2400x.jpg?v=1570475245,MA+,top
1017 ALYX 9SM UNISEX HOODED SWEATSHIRT VISUAL,$335.00 ,//cdn.shopify.com/s/files/1/0015/6611/3861/products/9a3b719cfe6dc8df758f7874fab43055_ecbfac71-1242-44bb-a065-d3607ec07d3a_2400x.jpg?v=1578954255,1017 ALYX 9SM,top
OFF-WHITE MEN FENCE ARROW S/S SLIM TEE,$335.00 ,//cdn.shopify.com/s/files/1/0015/6611/3861/products/ad6386646a62f73a1bd4f46a870c4884_2400x.jpg?v=1582844463,OFF-WHITE,top
VETEMENTS UNISEX NEW LOGO CAP,$340.00 ,//cdn.shopify.com/s/files/1/0015/6611/3861/products/1c8ff65d03ad0ecbe8a7bc056927c192_2400x.jpg?v=1577217737,VETEMENTS,accessory
VETEMENTS UNISEX DOUBLE HAPPINESS T-SHIRT,$340.00 ,//cdn.shopify.com/s/files/1/0015/6611/3861/products/6407f7a69417b76ac32a6c277b42a9f1_2400x.jpg?v=1577221092,VETEMENTS,top
UMA WANG MEN SHORT SLEEVES TOP,$340.00 ,//cdn.shopify.com/s/files/1/0015/6611/3861/products/741711b7eaf30339e930d4cd32b21b04_2400x.jpg?v=1579642923,UMA WANG,top
HOMME PLISSE ISSEY MIYAKE MEN PLEATED PANTS,$340.00 ,//cdn.shopify.com/s/files/1/0015/6611/3861/products/66a6d920505ec55e20eeb7883afd910a_2400x.jpg?v=1581705235,HOMME PLISSE ISSEY MIYAKE,bottom
PALM ANGELS MEN TRACK SHORTS,$340.00 ,//cdn.shopify.com/s/files/1/0015/6611/3861/products/b49164ad3e01de35720d44335d658469_2400x.jpg?v=1575763638,PALM ANGELS,bottom
MAISON MARGIELA MEN UPSIDE DOWN LOGO T-SHIRT,$340.00 ,//cdn.shopify.com/s/files/1/0015/6611/3861/products/b83a204d3a5b3f8c08b92fa3273e7941_2400x.jpg?v=1581718300,MAISON MARGIELA,top
LABEL UNDER CONSTRUCTION MEN DIGITAL KNIT #1 SWEATER,$340.00 ,//cdn.shopify.com/s/files/1/0015/6611/3861/products/ae13f50a69e736e2d93bfd429de81efe_2400x.jpg?v=1568396853,LABEL UNDER CONSTRUCTION,top
AMBUSH UNISEX BOX CROPPED T-SHIRT,$340.00 ,//cdn.shopify.com/s/files/1/0015/6611/3861/products/a3847aa9b3a6733b30bac550bce41693_2400x.jpg?v=1582565351,AMBUSH,top
LABEL UNDER CONSTRUCTION MEN DIGITAL KNIT #2 T-SHIRT,$340.00 ,//cdn.shopify.com/s/files/1/0015/6611/3861/products/784644108708d75e6b4cd2b39c8464f1_2400x.jpg?v=1565208915,LABEL UNDER CONSTRUCTION,top
SAINT LAURENT MEN DISTRESSED SKINNY JEANS IN STRETCH DENIM,$345.00 ,//cdn.shopify.com/s/files/1/0015/6611/3861/products/5ccb4e3c7392c4b58cfe99487862f29c_2400x.jpg?v=1569363296,SAINT LAURENT,bottom
PALM ANGELS MEN MONOGRAM TRACK SHORTS,$345.00 ,//cdn.shopify.com/s/files/1/0015/6611/3861/products/3277f7b3c6b674f5ad8f8c736b35acef_2400x.jpg?v=1580842407,PALM ANGELS,bottom
STONE ISLAND MEN LOGO PATCH PANTS,$345.00 ,//cdn.shopify.com/s/files/1/0015/6611/3861/products/0c762e7dac38c71927e15a79542afac5_2400x.jpg?v=1582843344,STONE ISLAND,bottom
DRKSHDW MEN GYM PRINT DRAWSTRING LONG PANTS,$348.00 ,//cdn.shopify.com/s/files/1/0015/6611/3861/products/d7a3809bcbb13e7d0205894bdcbbc071_2400x.jpg?v=1569433729,RICK OWENS DRKSHDW,bottom
DRKSHDW MEN CREWNECK SWEATSHIRT,$348.00 ,//cdn.shopify.com/s/files/1/0015/6611/3861/products/3d461fa72f1901d328eccf1e6c2aa256_2400x.jpg?v=1582583127,RICK OWENS DRKSHDW,top
ZIGGY CHEN MEN PATCH T-SHIRT,$350.00 ,//cdn.shopify.com/s/files/1/0015/6611/3861/products/d6fa37f750dc5c053b1233de01b1e21c_2400x.jpg?v=1581701608,ZIGGY CHEN,top
THOM BROWNE MEN SS POCKET TEE IN MEDIUM WEIGHT JERSEY COTTON,$350.00 ,//cdn.shopify.com/s/files/1/0015/6611/3861/products/d2c3f7607c66284ecb80f34cdfa5dcef_2400x.jpg?v=1574303513,THOM BROWNE,top
THE NORTH FACE BLACK SERIES UNISEX ENGINEERED KNIT HOODIE,$350.00 ,//cdn.shopify.com/s/files/1/0015/6611/3861/products/download_15_2400x.png?v=1584816034,THE NORTH FACE,top
OFF-WHITE MEN TAPE ARROWS S/S RECONSTRUCTED,$350.00 ,//cdn.shopify.com/s/files/1/0015/6611/3861/products/44551000c6fcf37c2381df14cba8f831_2400x.jpg?v=1575999887,OFF-WHITE,top
WERKSTATT MUNCHEN EARRINGS LOOP LINES,$355.00 ,//cdn.shopify.com/s/files/1/0015/6611/3861/products/755f1a605bb2ac5a4782d4d387a84f83_2400x.jpg?v=1569191272,WERKSTATT MUNCHEN,accessory
WERKSTATT MUNCHEN EARRINGS LOOP CURL,$355.00 ,//cdn.shopify.com/s/files/1/0015/6611/3861/products/f96a096a2478ec0c96117f2b8ee5e6fb_2400x.jpg?v=1569188840,WERKSTATT MUNCHEN,accessory
WERKSTATT MUNCHEN X ATELIER NY FINE CHAIN LINK + TAG M3901,$355.00 ,//cdn.shopify.com/s/files/1/0015/6611/3861/products/0598c493e3d07006e041cce216f6d716_2400x.jpg?v=1571242947,WERKSTATT MUNCHEN,accessory
STONE ISLAND MEN FLEECE SHORTS,$360.00 ,//cdn.shopify.com/s/files/1/0015/6611/3861/products/d0f04005da29096dbbeb4ad263044261_2400x.jpg?v=1579964961,STONE ISLAND,bottom
WERKSTATT MUNCHEN CROSS RING FORGED M1721,$360.00 ,//cdn.shopify.com/s/files/1/0015/6611/3861/products/3aaa015f5df91fcfbdf8366e6ff45a47_2400x.jpg?v=1569617940,WERKSTATT MUNCHEN,accessory
MAISON MARGIELA MEN NUMBER LOGO T-SHIRT,$365.00 ,//cdn.shopify.com/s/files/1/0015/6611/3861/products/d4149669d275dcea5061a566c9e5deee_2400x.jpg?v=1581360501,MAISON MARGIELA,top
OFF-WHITE MEN TAPE ARROWS LONG SLEEVE TEE,$365.00 ,//cdn.shopify.com/s/files/1/0015/6611/3861/products/b72d07ef87b1e99781928c88a5f122b3_2400x.jpg?v=1581622546,OFF-WHITE,top
MARTINE ROSE MEN BATWING JERSEY SWEATSHIRT,$365.00 ,//cdn.shopify.com/s/files/1/0015/6611/3861/products/147e50014132a294322092c7f49d07b8_2400x.jpg?v=1579642590,MARTINE ROSE,top
MAISON MARGIELA MEN FAKE NEWS TABI PRINT T-SHIRT,$365.00 ,//cdn.shopify.com/s/files/1/0015/6611/3861/products/bf232240e2726de410d66f78aaf73e26_2400x.jpg?v=1576267067,MAISON MARGIELA,top
OFF-WHITE MEN DRIPPING ARROWS L/S TEE,$370.00 ,//cdn.shopify.com/s/files/1/0015/6611/3861/products/0a3455cb50c5f7d1bb264afcb65bb222_2400x.jpg?v=1576430518,OFF-WHITE,top
OFF-WHITE MEN CARTOON L/S TEE,$370.00 ,//cdn.shopify.com/s/files/1/0015/6611/3861/products/7ad72c75b9d7bb6c9c1e8bfd0b31266a_2400x.jpg?v=1575937481,OFF-WHITE,top
OFF-WHITE MEN AIRPORT TAPE L/S TEE,$370.00 ,//cdn.shopify.com/s/files/1/0015/6611/3861/products/34f9015c69d43a80dba033d76d31ff59_2400x.jpg?v=1582912011,OFF-WHITE,top
WERKSTATT MUNCHEN X ATELIER NY NECKLACE TWO TAG M3740,$370.00 ,//cdn.shopify.com/s/files/1/0015/6611/3861/products/edd1bcca031098cffdd09e371d51d11e_2400x.jpg?v=1570419233,WERKSTATT MUNCHEN,accessory
MA+ MEN ONE PIECE LONG SLEEVE T-SHIRT,$370.00 ,//cdn.shopify.com/s/files/1/0015/6611/3861/products/1ccd2d834f1b0de3e429c06f0fb18293_2400x.jpg?v=1565209332,MA+,top
DRKSHDW MEN CARGO DRAWSTRING CROPPED,$372.00 ,//cdn.shopify.com/s/files/1/0015/6611/3861/products/58be4b92e7754ae698cc6bbade0ce817_2400x.jpg?v=1584383221,RICK OWENS DRKSHDW,bottom
UNDERCOVER MEN TOY WITHOUT SOUL BEAR PULLOVER,$375.00 ,//cdn.shopify.com/s/files/1/0015/6611/3861/products/057bd43f678c4458ca1fcee3f54fa6b0_2400x.jpg?v=1581707470,UNDERCOVER,top
DRKSHDW MEN CARGO DRAWSTRING LONG,$375.00 ,//cdn.shopify.com/s/files/1/0015/6611/3861/products/90784175f86385d8d5e3667e5cf44b1d_2400x.jpg?v=1584141404,RICK OWENS DRKSHDW,bottom
AMBUSH UNISEX NEW CHAIN T-SHIRT,$375.00 ,//cdn.shopify.com/s/files/1/0015/6611/3861/products/c4866e3cd79137232d716b388709106d_2400x.jpg?v=1581976408,AMBUSH,top
AMBUSH UNISEX BLOCK PANEL T-SHIRT,$375.00 ,//cdn.shopify.com/s/files/1/0015/6611/3861/products/f64f5a6552d9291d217a703e37198165_2400x.jpg?v=1582233452,AMBUSH,top
WERKSTATT MUNCHEN BRACELET CURL M2525,$380.00 ,//cdn.shopify.com/s/files/1/0015/6611/3861/products/41b80fa398e23877be15678906ef58ac_2400x.jpg?v=1576958609,WERKSTATT MUNCHEN,accessory
THOM BROWNE DOUBLE SIDED CARD HOLDER W/ NOTE COMPARTMENT IN PEBBLE GRAIN LEATHER,$380.00 ,//cdn.shopify.com/s/files/1/0015/6611/3861/products/66ca8062415e8708486922d6438dcb0c_2400x.jpg?v=1577833265,THOM BROWNE,accessory
WERKSTATT MUNCHEN RING WOUND CROSSOVER M1974,$380.00 ,//cdn.shopify.com/s/files/1/0015/6611/3861/products/a5e67eacd559937b01cdaadf3046e2c6_2400x.jpg?v=1542078450,WERKSTATT MUNCHEN,top
VETEMENTS MEN REGULAR SHUT UP T-SHIRT,$380.00 ,//cdn.shopify.com/s/files/1/0015/6611/3861/products/b7db79456862c3772e317926cd6eb29b_2400x.jpg?v=1578950687,VETEMENTS,top
RICK OWENS GENE SUNGLASSES,$384.00 ,//cdn.shopify.com/s/files/1/0015/6611/3861/products/214cb17619342acad2caed97c42c46f0_2400x.jpg?v=1585006571,RICK OWENS,accessory
OFF-WHITE MEN LOW VULCANIZED,$385.00 ,//cdn.shopify.com/s/files/1/0015/6611/3861/products/822dec0af6fe9dd9d97e619181a6fed3_2400x.jpg?v=1582913175,OFF-WHITE,footwear
GOOD ART HLYWD AND ALONG CAME GOOD ART HLYWD RING,$385.00 ,//cdn.shopify.com/s/files/1/0015/6611/3861/products/644647366fd5b9414df6d580bea41d7f_2400x.jpg?v=1547832408,GOOD ART HLYWD,accessory
SAINT LAURENT MEN SL/06 LOW TOP SNEAKER,$387.00 ,//cdn.shopify.com/s/files/1/0015/6611/3861/products/0ddaeface13086275ddaee79e0b9758e_2400x.jpg?v=1567199234,SAINT LAURENT,footwear
THOM BROWNE MEN RELAXED FIT SS TEE W/ CB RWB STRIPE IN CLASSIC PIQUE,$390.00 ,//cdn.shopify.com/s/files/1/0015/6611/3861/products/d731225ae6725d66f461e6215862fa71_2400x.jpg?v=1547055388,THOM BROWNE,top
RICK OWENS X BIRKENSTOCK MEN HANCOCK ROTTERHIKER BOOTS,$390.00 ,//cdn.shopify.com/s/files/1/0015/6611/3861/products/35f779ba9948a6e1815e0cae3e0698a8_2400x.jpg?v=1550240200,RICK OWENS,footwear
TAICHIMURAKAMI MEN L-POCKET PANTS,$390.00 ,//cdn.shopify.com/s/files/1/0015/6611/3861/products/f1ee7b88f1d280c9e743a0bc47149d4e_2400x.jpg?v=1556367450,TAICHIMURAKAMI,bottom
DRKSHDW MEN PRISONNER DRAWSTRING,$393.00 ,//cdn.shopify.com/s/files/1/0015/6611/3861/products/e2eef86f3268b04995accbc02cffb6dd_2400x.jpg?v=1582582961,RICK OWENS DRKSHDW,bottom
MAISON MARGIELA NUMBER LOGO RING,$395.00 ,//cdn.shopify.com/s/files/1/0015/6611/3861/products/0caeb685b4f2ef1ac8a65ec1ff273ab5_2400x.jpg?v=1578864720,MAISON MARGIELA,accessory
MAISON MARGIELA MEN OVERSIZED STITCHED TAG T-SHIRT,$395.00 ,//cdn.shopify.com/s/files/1/0015/6611/3861/products/59947f979fa38d8b2c2393d5e88b3ccc_2400x.jpg?v=1576267444,MAISON MARGIELA,top
WERKSTATT MUNCHEN RING FOREVER HAMMERED M1417,$400.00 ,//cdn.shopify.com/s/files/1/0015/6611/3861/products/0ebf2d7e602632a87a9130d140b74f0f_2400x.jpg?v=1569620854,WERKSTATT MUNCHEN,accessory
THE NORTH FACE BLACK SERIES UNISEX SPACER KNIT HOODIE,$400.00 ,//cdn.shopify.com/s/files/1/0015/6611/3861/products/7b4c658843ee4446f8e469a210597ee3_2400x.jpg?v=1585411018,THE NORTH FACE,top
WERKSTATT MUNCHEN NECKLACE HIDDEN PLATE,$400.00 ,//cdn.shopify.com/s/files/1/0015/6611/3861/products/6a9bcff6fd60653bb2c732b9df3101e0_2400x.jpg?v=1569339946,WERKSTATT MUNCHEN,accessory
OFF-WHITE MEN ARROW NECKLACE,$400.00 ,//cdn.shopify.com/s/files/1/0015/6611/3861/products/b2f491ee4ebf5bd18f2bc985c2b020d8_2400x.jpg?v=1582575662,OFF-WHITE,accessory
OFF WHITE MEN PASCAL PAINTING L/S TEE,$400.00 ,//cdn.shopify.com/s/files/1/0015/6611/3861/products/110b4091c2aa74699e8ec6a333fabd1b_2400x.jpg?v=1581625192,OFF-WHITE,top
SAINT LAURENT MEN ANDY BROOKLYN BUCKLE LOW TOP SNEAKERS,$405.00 ,//cdn.shopify.com/s/files/1/0015/6611/3861/products/246da29f6a4a82a6c1f3171f612b8a75_2400x.jpg?v=1571157921,SAINT LAURENT,footwear
OFF-WHITE MEN ARROWS PATTERN SHORT SLEEVE SLIM TEE,$405.00 ,//cdn.shopify.com/s/files/1/0015/6611/3861/products/5ce7ad03ac9005dd8737ee194810d8b7_2400x.jpg?v=1581621765,OFF-WHITE,top
1017 ALYX 9SM CLASSIC MINI CHEST RIG,$405.00 ,//cdn.shopify.com/s/files/1/0015/6611/3861/products/d541721ce6a07a28874f60b54add6ab8_2400x.jpg?v=1580482467,1017 ALYX 9SM,accessory
RICK OWENS RICK SUNGLASSES GCRMS,$408.00 ,//cdn.shopify.com/s/files/1/0015/6611/3861/products/15567101191829b89aa582788c97c56b_2400x.jpg?v=1576960271,RICK OWENS,accessory
RICK OWENS RICK SUNGLASSES GBLKB,$408.00 ,//cdn.shopify.com/s/files/1/0015/6611/3861/products/5cb5bbfff2c8403cbc2c02b4a3887b07_2400x.jpg?v=1576960653,RICK OWENS,accessory
RICK OWENS SHIELD SUNGLASSES GBLKG,$408.00 ,//cdn.shopify.com/s/files/1/0015/6611/3861/products/52a0ea94e0aa9395f18f0446725ac7d4_2400x.jpg?v=1577662994,RICK OWENS,accessory
RICK OWENS RICK SUNGLASSES GBLKS,$408.00 ,//cdn.shopify.com/s/files/1/0015/6611/3861/products/4b85bfbea41174b6dca8842b7b81d703_2400x.jpg?v=1576960656,RICK OWENS,accessory
RICK OWENS SHIELD SUNGLASSES GBLKBR,$408.00 ,//cdn.shopify.com/s/files/1/0015/6611/3861/products/d274a9ad4efd24be11b5935e91c11b6d_2400x.jpg?v=1580767548,RICK OWENS,accessory
RICK OWENS RICK SUNGLASSES GTRSB,$408.00 ,//cdn.shopify.com/s/files/1/0015/6611/3861/products/5db166ddaea685c868fc3914fbb4569f_2400x.jpg?v=1576959814,RICK OWENS,accessory
RICK OWENS SHIELD SUNGLASSES GBLKB,$408.00 ,//cdn.shopify.com/s/files/1/0015/6611/3861/products/46497c7de5983be749b56736c8561b7b_2400x.jpg?v=1575603657,RICK OWENS,accessory
STONE ISLAND MEN TWO TONED SWEATER,$410.00 ,//cdn.shopify.com/s/files/1/0015/6611/3861/products/32e0a761b6432c6c4eebcd931ff4ede5_2400x.jpg?v=1580138036,STONE ISLAND,top
LABEL UNDER CONSTRUCTION MEN ZIPPED SEAMS BARCODE SWEATER,$410.00 ,//cdn.shopify.com/s/files/1/0015/6611/3861/products/1_2400x.jpg?v=1570472436,LABEL UNDER CONSTRUCTION,top
STONE ISLAND MEN CAMO CARGO PANTS,$410.00 ,//cdn.shopify.com/s/files/1/0015/6611/3861/products/9ac4f2817854697b5fb0aa00dd538e89_2400x.jpg?v=1583796799,STONE ISLAND,bottom
PALM ANGELS MEN SHANGHAI SPRAYED LOGO HOODY,$415.00 ,//cdn.shopify.com/s/files/1/0015/6611/3861/products/884915666429e60c492903b4549de7dc_bdddbced-01a9-4dc8-8fb3-99478da64d47_2400x.jpg?v=1580842239,PALM ANGELS,top
AMBUSH UNISEX CREWNECK SWEATSHIRT,$415.00 ,//cdn.shopify.com/s/files/1/0015/6611/3861/products/c02eea38cbee4c0e1ea5bda0afa284ef_2400x.jpg?v=1582233219,AMBUSH,top
RICK OWENS MEN KNITTED CREWNECK T-SHIRT WITH UFW PATCH,$415.00 ,//cdn.shopify.com/s/files/1/0015/6611/3861/products/f08a41cf8390966806884de452372cb3_2400x.jpg?v=1581702800,RICK OWENS,top
AMBUSH UNISEX WAIST POCKET T-SHIRT,$415.00 ,//cdn.shopify.com/s/files/1/0015/6611/3861/products/7617d65cbe72dd31b6c151559437561b_2400x.jpg?v=1581976920,AMBUSH,top
PALM ANGELS MEN PARIS SPRAYED HOODY,$415.00 ,//cdn.shopify.com/s/files/1/0015/6611/3861/products/2bf01fd1de4bc059eecaa12c5692d66f_2400x.jpg?v=1584389616,PALM ANGELS,top
SAINT LAURENT MEN PRINTED ROUND NECK T-SHIRT,$420.00 ,//cdn.shopify.com/s/files/1/0015/6611/3861/products/5fd0dd56d55b2f4343c572ee807a772a_2400x.jpg?v=1576029110,SAINT LAURENT,top
THOM BROWNE MEN GROSGRAIN POCKET CLASSIC FIT POINT COLLAR BUTTON DOWN LONG SLEEVE SHIRT IN OXFORD,$420.00 ,//cdn.shopify.com/s/files/1/0015/6611/3861/products/68e99dec9d0ccb59fc80e2843925e69e_2400x.jpg?v=1555792625,THOM BROWNE,top
SAINT LAURENT MEN STAR LOGO PRINT T-SHIRT,$420.00 ,//cdn.shopify.com/s/files/1/0015/6611/3861/products/58414ce34d7ebded498671f867bfe426_2400x.jpg?v=1559078177,SAINT LAURENT,top
VETEMENTS UNISEX I LOVE PARIS T-SHIRT,$420.00 ,//cdn.shopify.com/s/files/1/0015/6611/3861/products/a7c78ea9f4d9f7cad1d4b17b95c03c73_2400x.jpg?v=1574129453,VETEMENTS,top
GR10K MEN ULTRASOUND TAPED DRESS SHIRT,$420.00 ,//cdn.shopify.com/s/files/1/0015/6611/3861/products/43a39b441fa6a82e9f8573b6a1950882_2400x.jpg?v=1582842475,GR10K,top
SAINT LAURENT MEN CLASSIC LOGO T-SHIRT,$420.00 ,//cdn.shopify.com/s/files/1/0015/6611/3861/products/648af341d6cd66e9ea85cd3ecf446d6e_2400x.jpg?v=1576168190,SAINT LAURENT,top
1017 ALYX 9SM TECHNICAL HOODIE,$420.00 ,//cdn.shopify.com/s/files/1/0015/6611/3861/products/5842af0bac4646048da7a5b336bf89e8_2400x.jpg?v=1582581231,1017 ALYX 9SM,top
SAINT LAURENT MEN STAR LOGO HOODIE,$425.00 ,//cdn.shopify.com/s/files/1/0015/6611/3861/products/c7fc0471ea41ff905b3408e08c9323d5_2400x.jpg?v=1564525389,SAINT LAURENT,top
SAINT LAURENT MEN ULTRASOFT MONOGRAM CARD HOLDER,$425.00 ,//cdn.shopify.com/s/files/1/0015/6611/3861/products/46dea67896492d1a8a5ad5265192ca39_2400x.jpg?v=1579908889,SAINT LAURENT,accessory
ZIGGY CHEN MEN LETTER PATCH SHIRT,$426.00 ,//cdn.shopify.com/s/files/1/0015/6611/3861/products/53fbb7092d0e42411665cb5f3d8ee8b9_2400x.jpg?v=1581701886,ZIGGY CHEN,top
PALM ANGELS MEN HONG KONG SPRAYED LOGO HOODIE,$430.00 ,//cdn.shopify.com/s/files/1/0015/6611/3861/products/ae4c29472bceb666b1eca4f138aa3ed0_2400x.jpg?v=1585086073,PALM ANGELS,top
MA+ MEN ONE PIECE LONG  SLEEVE T-SHIRT,$430.00 ,//cdn.shopify.com/s/files/1/0015/6611/3861/products/5a9d3afc64c3ade5f254fa20c17b9bc2_2400x.jpg?v=1565211214,MA+,top
VETEMENTS MEN ANARCHY FLAG T-SHIRT,$430.00 ,//cdn.shopify.com/s/files/1/0015/6611/3861/products/cdea2d3c5bcc3532be6571370bcfd3a4_2400x.jpg?v=1574129118,VETEMENTS,top
RICK OWENS MEN SLIM CROPPED ASTAIRES,$432.00 ,//cdn.shopify.com/s/files/1/0015/6611/3861/products/0aa9ef5eb96fdf25a62f2107aaa06d40_2400x.jpg?v=1562005515,RICK OWENS,bottom
RICK OWENS MEN RICK'S PODS SHORTS,$432.00 ,//cdn.shopify.com/s/files/1/0015/6611/3861/products/36bb34d0ce28ba6abc8673b26ea52d46_2400x.jpg?v=1575603908,RICK OWENS,bottom
THOM BROWNE MEN GROSGRAIN CUFF CLASSIC POINT COLLAR BUTTON UP LONG SLEEVE SHIRT IN OXFORD,$440.00 ,//cdn.shopify.com/s/files/1/0015/6611/3861/products/41adaf976e23509977c09b156fce26ec_2400x.jpg?v=1555792391,THOM BROWNE,top
DETAJ MEDIUM BANDAGE RING,$440.00 ,//cdn.shopify.com/s/files/1/0015/6611/3861/products/cd55b18cf86a3b03df178823051bcf4f_2400x.png?v=1570465256,DETAJ,accessory
ZIGGY CHEN MEN DRAWSTRING PANTS,$441.00 ,//cdn.shopify.com/s/files/1/0015/6611/3861/products/a3e8732c1048338ac8418b7fb78e357d_2400x.jpg?v=1581701505,ZIGGY CHEN,bottom
TAICHI MURAKAMI MEN HEAVY JERSEY MILITARY PANTS,$444.00 ,//cdn.shopify.com/s/files/1/0015/6611/3861/products/6e7e5e4012bf10394e9bcc89856f4708_2400x.jpg?v=1571084862,TAICHIMURAKAMI,bottom
1017 ALYX 9SM MEN BLACK TACTICAL SHORT,$445.00 ,//cdn.shopify.com/s/files/1/0015/6611/3861/products/dacb6b252ae42e654251903d0803c4b1_2400x.jpg?v=1581975525,1017 ALYX 9SM,bottom
STONE ISLAND MEN RIPSTOP PANTS,$445.00 ,//cdn.shopify.com/s/files/1/0015/6611/3861/products/bcf125cac401f672efd0b604035f4fe6_2400x.jpg?v=1582843096,STONE ISLAND,bottom
STONE ISLAND MEN DOUBLE ZIP UP HOODIE,$445.00 ,//cdn.shopify.com/s/files/1/0015/6611/3861/products/4c2da9ae68353684549980596c4498fb_2400x.jpg?v=1580058611,STONE ISLAND,top
SAINT LAURENT MEN SKINNY LOW WAIST REPAIRED JEANS,$445.00 ,//cdn.shopify.com/s/files/1/0015/6611/3861/products/153fafcda9176541834e502f6d676785_2400x.jpg?v=1564524458,SAINT LAURENT,bottom
MAISON MARGIELA SQUARE STITCH RING,$450.00 ,//cdn.shopify.com/s/files/1/0015/6611/3861/products/b0f2ee3b8c1cdd3d21dd351183562a7e_2400x.jpg?v=1578864555,MAISON MARGIELA,accessory
WERKSTATT MUNCHEN BRACELET OVAL TAG M2638,$450.00 ,//cdn.shopify.com/s/files/1/0015/6611/3861/products/093c7a5e59b16b99e9fb52f469db8692_2400x.jpg?v=1569179260,WERKSTATT MUNCHEN,accessory
VETEMENTS MEN BEER BADGE T-SHIRT,$450.00 ,//cdn.shopify.com/s/files/1/0015/6611/3861/products/7dd1bc4d3cd0100958111dcc71eb9e86_2400x.jpg?v=1577222447,VETEMENTS,top
KIRIN WOMEN DISCOMOON PH CREW SWEATSHIRT,$450.00 ,//cdn.shopify.com/s/files/1/0015/6611/3861/products/5bf697724d98fef1ce802bfada0cf8de_2400x.jpg?v=1583184329,KIRIN,top
VETEMENTS WOMEN GOTHIC LOGO NECKLACE,$450.00 ,//cdn.shopify.com/s/files/1/0015/6611/3861/products/69e3016e31586e37446592357f75e53c_2400x.jpg?v=1573914311,VETEMENTS,accessory
DRKSHDW MEN COMBO KARLOFF PODS DENIM PANTS,$455.00 ,//cdn.shopify.com/s/files/1/0015/6611/3861/products/ecd4b04d612215c14cb95d9ca0138ca2_2400x.jpg?v=1553201407,RICK OWENS DRKSHDW,bottom
DRKSHDW MEN EASY NAGAKIN JOGGERS,$459.00 ,//cdn.shopify.com/s/files/1/0015/6611/3861/products/4d7c25e651eb828bce94eed01564f3bc_2400x.jpg?v=1585408704,RICK OWENS DRKSHDW,bottom
MAISON MARGIELA LOGO STITCH RUBBERIZED WALLET,$460.00 ,//cdn.shopify.com/s/files/1/0015/6611/3861/products/6a34ea04e39908956c180c33eac85028_2400x.jpg?v=1576254390,MAISON MARGIELA,accessory
ZIGGY CHEN MEN TIE FRONT SHIRT,$462.00 ,//cdn.shopify.com/s/files/1/0015/6611/3861/products/eb827cad30580bd5fbe5e045b00de2ee_2400x.jpg?v=1581702455,ZIGGY CHEN,top
TAICHIMURAKAMI MEN LONG SLEEVE HENRY NECK T-SHIRT,$465.00 ,//cdn.shopify.com/s/files/1/0015/6611/3861/products/08a5a8db6e0864873596ffdb74bf76a7_2400x.jpg?v=1570241711,TAICHIMURAKAMI,top
PALM ANGELS MEN FIRESTARTER CLASSIC TEE,$465.00 ,//cdn.shopify.com/s/files/1/0015/6611/3861/products/62ad4fee813f3bb7e10cbd262ff4156d_2400x.jpg?v=1575431358,PALM ANGELS,top
PALM ANGELS MEN NEW GOTHIC CREWNECK,$465.00 ,//cdn.shopify.com/s/files/1/0015/6611/3861/products/1855b619a6128955beb23727de772179_2400x.jpg?v=1584486048,PALM ANGELS,top
PALM ANGELS MEN RAINBOW SLIM TRACK PANTS,$465.00 ,//cdn.shopify.com/s/files/1/0015/6611/3861/products/2f402c93382b492622ff26202a4c44f5_2400x.jpg?v=1577659296,PALM ANGELS,bottom
PALM ANGELS MEN HUGE SIDEBAND TRACK PANTS,$465.00 ,//cdn.shopify.com/s/files/1/0015/6611/3861/products/599b081830cfb1de71a61b0db8beb5d0_2400x.jpg?v=1578947309,PALM ANGELS,bottom
PALM ANGELS MEN CLASSIC RAINBOW TRACK PANTS,$465.00 ,//cdn.shopify.com/s/files/1/0015/6611/3861/products/14253ec46f2427cf35ebfac79c395457_2400x.jpg?v=1576119193,PALM ANGELS,bottom
PALM ANGELS MEN NEW BASIC HOODIE,$465.00 ,//cdn.shopify.com/s/files/1/0015/6611/3861/products/fa2b8073fdb7f16206fd5db8957239a1_2400x.jpg?v=1577657933,PALM ANGELS,top
THOM BROWNE MEN RELAXED FIT SS POLO W/ CB RWB STRIPE IN CLASSIC PIQUE,$470.00 ,//cdn.shopify.com/s/files/1/0015/6611/3861/products/12477643_12138921_1000_367539fa-e217-483b-8724-0095a93fafb6_2400x.jpg?v=1574303013,THOM BROWNE,top
MAISON MARGIELA MEN CUT OFF NUMBER LOGO COMBO T-SHIRT,$470.00 ,//cdn.shopify.com/s/files/1/0015/6611/3861/products/a66ee1e95044cbe02b081ec13c4f871a_2400x.jpg?v=1579706943,MAISON MARGIELA,top
WERKSTATT MUNCHEN BRACELET CLOSURE LINES M2639,$470.00 ,//cdn.shopify.com/s/files/1/0015/6611/3861/products/fe2bb29d82c79fc826f111481e662ec7_2400x.jpg?v=1569179108,WERKSTATT MUNCHEN,accessory
THOM BROWNE MEN SMALL ZIPPER TABLET HOLDER IN TBNY PAPER LABEL PRINTED PEBBLE GRAIN,$475.00 ,//cdn.shopify.com/s/files/1/0015/6611/3861/products/190a5ec0d9364971b1964ea79123ba9c_2400x.jpg?v=1550174369,THOM BROWNE,accessory
LABEL UNDER CONSTRUCTION MEN ARMPIT DOUBLE LAYER T-SHIRT,$475.00 ,//cdn.shopify.com/s/files/1/0015/6611/3861/products/0950bd7f3dcee7a98fc9d5491d6551e1_2400x.jpg?v=1565208934,LABEL UNDER CONSTRUCTION,top
CANADA GOOSE MEN FABER BOMBER 2415M 61,$475.00 ,//cdn.shopify.com/s/files/1/0015/6611/3861/products/2c417394283234f0567cb274c86c4084_2400x.jpg?v=1550768754,CANADA GOOSE,jacket
BORIS BIDJAN SABERI MEN ONE PIECE T-SHIRT,$480.00 ,//cdn.shopify.com/s/files/1/0015/6611/3861/products/bfc39803edd51121c0d59f22b7de87ee_2400x.jpg?v=1580333341,BORIS BIDJAN SABERI,top
PALM ANGELS MEN NEW BASIC ZIP HOODIE,$480.00 ,//cdn.shopify.com/s/files/1/0015/6611/3861/products/d26bdfe4258e7332726493a8572354c0_2400x.jpg?v=1578947299,PALM ANGELS,top
AMBUSH UNISEX LOGO OPEN COLLAR SHIRT,$492.00 ,//cdn.shopify.com/s/files/1/0015/6611/3861/products/d0dab3f97567544f32058f95bba7a4cc_2400x.jpg?v=1570485989,AMBUSH,top
RICK OWENS MEN DRAWSTRING PANTS,$492.00 ,//cdn.shopify.com/s/files/1/0015/6611/3861/products/bd2d550d9fce7921535ffba12c568712_2400x.jpg?v=1579297243,RICK OWENS,bottom
UNDERCOVER MEN ZIPPER DETAIL PANTS,$495.00 ,//cdn.shopify.com/s/files/1/0015/6611/3861/products/20f78f27383ba0e8d4aa515c08c71bc2_2400x.jpg?v=1584039624,UNDERCOVER,bottom
OFF-WHITE MEN 2.0 SNEAKER,$495.00 ,//cdn.shopify.com/s/files/1/0015/6611/3861/products/f06def8a6c1a46361eaa26db4afa5fa2_2400x.jpg?v=1582913160,OFF-WHITE,footwear
ZIGGY CHEN MEN LETTER PRINT CROPPED PANTS,$495.00 ,//cdn.shopify.com/s/files/1/0015/6611/3861/products/a3f03e7319f1cbe2d7aadf1b361b5e7b_2400x.jpg?v=1581701618,ZIGGY CHEN,bottom
SAINT LAURENT MEN CHEMISE CLASSIQUE FIT TRIANGLE PRINT SHIRT,$495.00 ,//cdn.shopify.com/s/files/1/0015/6611/3861/products/873bca50d93e0ecaba7dbee3ddbb8e10_2400x.jpg?v=1562094661,SAINT LAURENT,top
PALM ANGELS MEN OVER LOGO TRACK PANTS,$500.00 ,//cdn.shopify.com/s/files/1/0015/6611/3861/products/f5b63de8de6f0ffc48df952d366fa637_2400x.jpg?v=1575935617,PALM ANGELS,bottom
GUIDI Q100 SOFT HORSE LEATHER BELT BAG,$500.00 ,//cdn.shopify.com/s/files/1/0015/6611/3861/products/d643f6c7fe7155e4d0b86388f914adfe_2400x.jpg?v=1572970811,GUIDI,accessory
1017 ALYX 9SM MEN ZIP UP WINDBREAKER,$500.00 ,//cdn.shopify.com/s/files/1/0015/6611/3861/products/15135293_25968415_1000_2400x.jpg?v=1582588384,1017 ALYX 9SM,jacket
RICK OWENS MEN TECUATL PANTS,$504.00 ,//cdn.shopify.com/s/files/1/0015/6611/3861/products/84c1eb738a7d9bd5de7efb097fc58e4e_2400x.jpg?v=1576961564,RICK OWENS,bottom
1017 ALYX 9SM UNISEX CLASSIC CHAINLINK BRACELET,$505.00 ,//cdn.shopify.com/s/files/1/0015/6611/3861/products/b6cc5d4d2e8d465f978c9e7938e40283_2400x.jpg?v=1580334547,1017 ALYX 9SM,accessory
OFF-WHITE MEN MID TOP SNEAKER,$505.00 ,//cdn.shopify.com/s/files/1/0015/6611/3861/products/b58d274aa1e04beb9b7bc5a7a222f11a_2400x.jpg?v=1582920081,OFF-WHITE,footwear
OFF-WHITE MEN ARROW LOGO SLIM CREWNECK,$505.00 ,//cdn.shopify.com/s/files/1/0015/6611/3861/products/16b7e42d6681a212594cbc0abe695c6b_2400x.jpg?v=1575425119,OFF-WHITE,top
THOM BROWNE MEN CLASSIC LONGWING BROGUE W/ LEATHER SOLE IN PEBBLE GRAIN,$510.00 ,//cdn.shopify.com/s/files/1/0015/6611/3861/products/f3f709ef44a541f028ceb19431282b22_2400x.jpg?v=1546986241,THOM BROWNE,footwear
1017 ALYX 9SM BUCKLE BRACELET,$515.00 ,//cdn.shopify.com/s/files/1/0015/6611/3861/products/180683a6496c15472fbd56cee9bb36fd_2400x.jpg?v=1581701499,1017 ALYX 9SM,accessory
THOM BROWNE MEN GUSSET FOLIO WITH RWB WRIST STRAP IN PEBBLE GRAIN,$515.00 ,//cdn.shopify.com/s/files/1/0015/6611/3861/products/5e1cc976c1f30260e8ae0e71b44f831d_2400x.jpg?v=1559587774,THOM BROWNE,accessory
RICK OWENS SMALL SIGNATURE TOTES,$516.00 ,//cdn.shopify.com/s/files/1/0015/6611/3861/products/e46da63e11bc88fbbd95fc955fa29229_2400x.jpg?v=1581618607,RICK OWENS,accessory
OFF-WHITE MEN TAPE ARROWS SLIM SWEATPANT,$520.00 ,//cdn.shopify.com/s/files/1/0015/6611/3861/products/9b2e0a74cc0c5ea2f992869a940133a1_2400x.jpg?v=1581717488,OFF-WHITE,bottom
OFF-WHITE MEN TIE DYE S/S TEE,$520.00 ,//cdn.shopify.com/s/files/1/0015/6611/3861/products/b1b124d7283f01c9d95bfd3ee154f5ff_2400x.jpg?v=1582911843,OFF-WHITE,top
1017 ALYX 9SM MEN TREK ZIP SWEATPANT,$520.00 ,//cdn.shopify.com/s/files/1/0015/6611/3861/products/657fa2155e22864cc56dde3ce02c9109_d71472a7-55f3-467e-b29b-c991872655cd_2400x.jpg?v=1581015598,1017 ALYX 9SM,top
PALM ANGELS MEN NEW GOTHIC HOODY,$520.00 ,//cdn.shopify.com/s/files/1/0015/6611/3861/products/a2d65888ffa2a7f550d844981cd7172e_2400x.jpg?v=1584486596,PALM ANGELS,top
OFF-WHITE MEN TAPE ARROWS SHORT SWEATPANT,$520.00 ,//cdn.shopify.com/s/files/1/0015/6611/3861/products/1996a7b4dfa820e637dc7cfd65b8a35b_2400x.jpg?v=1581624239,OFF-WHITE,bottom
WERKSTATT MUNCHEN X ATELIER NY NECKLACE MEDALLION IRON TRACES M3861,$525.00 ,//cdn.shopify.com/s/files/1/0015/6611/3861/products/16a2ad842366a6cf3821fae4a7f5d86c_2400x.jpg?v=1569193601,WERKSTATT MUNCHEN,accessory
MARTINE ROSE MEN STRAIGHT LEG JEAN DENIM,$525.00 ,//cdn.shopify.com/s/files/1/0015/6611/3861/products/f96d797d3f15ecb3bf49b8aa381c1458_2400x.jpg?v=1583796247,MARTINE ROSE,bottom
THOM BROWNE MEN CLASSIC SWEATSHIRT WITH ENGINEERED 4 BAR IN CLASSIC LOOP BACK,$530.00 ,//cdn.shopify.com/s/files/1/0015/6611/3861/products/e6e589e55087c0635156b6b49c08831f_2400x.jpg?v=1545677939,THOM BROWNE,top
SAINT LAURENT MEN EMBROIDERIED COLLAR SHIRT,$534.00 ,//cdn.shopify.com/s/files/1/0015/6611/3861/products/e8d7709921c1ffa750d170056deb503b_2400x.jpg?v=1564663282,SAINT LAURENT,top
PALM ANGELS MEN RECOVERY LACE UP SNEAKERS,$535.00 ,//cdn.shopify.com/s/files/1/0015/6611/3861/products/35ad924caeef946f9c12bd9e5b34773a_2400x.jpg?v=1580842591,PALM ANGELS,footwear
MAISON MARGIELA MEN CANVAS TABI SNEAKERS,$535.00 ,//cdn.shopify.com/s/files/1/0015/6611/3861/products/c0491acb0965eab26a0c7e64b77a0fb2_2400x.jpg?v=1578756155,MAISON MARGIELA,footwear
OFF-WHITE MEN MULTI SYMBOLS OVER HOODIE,$540.00 ,//cdn.shopify.com/s/files/1/0015/6611/3861/products/4d3d67034cf75f6b3a15618d7984774d_2400x.jpg?v=1582912118,OFF-WHITE,top
PALM ANGELS MEN CLASSIC RAINBOW TRACK JACKET,$540.00 ,//cdn.shopify.com/s/files/1/0015/6611/3861/products/0a240ecb272586751445882dc6cb32f7_2400x.jpg?v=1575647897,PALM ANGELS,jacket
RICK OWENS MEN ASTAIRE TROUSER,$540.00 ,//cdn.shopify.com/s/files/1/0015/6611/3861/products/07fb5608ad0f7ba930633a55a661053f_2400x.jpg?v=1576076913,RICK OWENS,bottom
MA+ MEN FITTED SHIRT,$548.00 ,//cdn.shopify.com/s/files/1/0015/6611/3861/products/04425e7543c9ff5b86e9eaa06488bb03_2400x.jpg?v=1570554571,MA+,top
CANADA GOOSE MEN HYBRIDGE LITE JACKET 2701M,$550.00 ,//cdn.shopify.com/s/files/1/0015/6611/3861/products/0d5016c58e83dd60b8993af73a10cab2_2400x.jpg?v=1577483899,CANADA GOOSE,jacket
OFF-WHITE MEN SPRAY PAINTING SLIM CREWNECK,$550.00 ,//cdn.shopify.com/s/files/1/0015/6611/3861/products/4f962add23387919c38fd6a72b7c1364_2400x.jpg?v=1581623156,OFF-WHITE,top
OFF-WHITE MEN TAPE ARROWS SLIM CREWNECK,$550.00 ,//cdn.shopify.com/s/files/1/0015/6611/3861/products/52b404e423a709bc3be4cda32f97dcb5_2400x.jpg?v=1581622969,OFF-WHITE,top
CANADA GOOSE MEN DUNHAM JACKET 2210M,$550.00 ,//cdn.shopify.com/s/files/1/0015/6611/3861/products/079570817027974dbb328de79c1c50f0_2400x.jpg?v=1577483039,CANADA GOOSE,jacket
MA+ MEN SHORT COLLAR 3/4BUTTON FITTED SHIRT,$550.00 ,//cdn.shopify.com/s/files/1/0015/6611/3861/products/c00c168dd2a6325ed58da52251a593ec_2400x.jpg?v=1570554456,MA+,top
THOM BROWNE MEN CLASSIC SWEAT SHORTS WITH ENGINEERED 4 BAR STRIPES IN CLASSIC LOOP BACK,$550.00 ,//cdn.shopify.com/s/files/1/0015/6611/3861/products/b021a7abbfadbca78788d925b3ca4019_2400x.jpg?v=1545936471,THOM BROWNE,bottom
PALM ANGELS MEN POCKET CREWNECK,$555.00 ,//cdn.shopify.com/s/files/1/0015/6611/3861/products/61d1d6f4fa461c996f3aea7afe108d02_2400x.jpg?v=1579809807,PALM ANGELS,top
PALM ANGELS MEN RECOVERY SNEAKERS,$555.00 ,//cdn.shopify.com/s/files/1/0015/6611/3861/products/29110916b5147dcc266b4f7a57be868c_2400x.jpg?v=1575429124,PALM ANGELS,footwear
1017 ALYX 9SM BUCKLE NECKLACE,$555.00 ,//cdn.shopify.com/s/files/1/0015/6611/3861/products/0f29122dce7cf2fcbd9e58415659bd95_2400x.jpg?v=1583181780,1017 ALYX 9SM,accessory
OFF-WHITE MEN AIRPORT TAPE OVER CREWNECK,$555.00 ,//cdn.shopify.com/s/files/1/0015/6611/3861/products/b12ef7c599237e5c71aca170c173ce4f_2400x.jpg?v=1582929413,OFF-WHITE,top
OFF-WHITE MEN CARAVAGGIO ARROW OVER CREWNECK,$555.00 ,//cdn.shopify.com/s/files/1/0015/6611/3861/products/bd51ca64a8d4abb07933b1dc53115490_2400x.jpg?v=1583168141,OFF-WHITE,top
PALM ANGELS MEN OVER LOGO TRACK JACKET,$555.00 ,//cdn.shopify.com/s/files/1/0015/6611/3861/products/a44d26de5d819783fa9ad458145ff952_2400x.jpg?v=1575764768,PALM ANGELS,jacket
GR10K MEN GORE-TEX HC JORTS,$560.00 ,//cdn.shopify.com/s/files/1/0015/6611/3861/products/4683990be8fe391799c320ebac274aa3_2400x.jpg?v=1582842315,GR10K,bottom
WERKSTATT MUNCHEN 4 RING COMBI CROSS M1330,$560.00 ,//cdn.shopify.com/s/files/1/0015/6611/3861/products/31bde204068fb068c0afabac4efc562e_2400x.jpg?v=1577829005,WERKSTATT MUNCHEN,accessory
DRKSHDW MEN TYRONE CUT,$561.00 ,//cdn.shopify.com/s/files/1/0015/6611/3861/products/1d9d3501e24f88e46300d1503d89c41e_2400x.jpg?v=1585408109,RICK OWENS DRKSHDW,bottom
AMBUSH UNISEX KNITTED TOP PANEL SWEATSHIRT,$565.00 ,//cdn.shopify.com/s/files/1/0015/6611/3861/products/f629b3abc00ab140223310aa264c2579_2400x.jpg?v=1581975611,AMBUSH,top
WERKSTATT MUNCHEN X ATELIER NY BRACELET FINE CURB CHAIN M2650,$565.00 ,//cdn.shopify.com/s/files/1/0015/6611/3861/products/c472c102482d2b9da832636fcc508aee_2400x.jpg?v=1572791717,WERKSTATT MUNCHEN,accessory
OFF-WHITE MEN DRIPPING ARROWS INCOMP CREWNECK,$570.00 ,//cdn.shopify.com/s/files/1/0015/6611/3861/products/ef6e8a953bf09ae3af1d7c4623daeadf_2400x.jpg?v=1581617521,OFF-WHITE,top
OFF-WHITE MEN ARROW LOGO SLIM HOODIE,$570.00 ,//cdn.shopify.com/s/files/1/0015/6611/3861/products/e8f941c1f2500da706f6984e3d578292_2400x.jpg?v=1575427469,OFF-WHITE,top
MAISON MARGIELA MEN HIGH TOP TABI SNEAKER,$570.00 ,//cdn.shopify.com/s/files/1/0015/6611/3861/products/473173614052b5aa2adc37a35da347c0_2400x.jpg?v=1585427055,MAISON MARGIELA,footwear
OFF-WHITE MEN CARTOON INCOMPIUTO CREWNECK,$570.00 ,//cdn.shopify.com/s/files/1/0015/6611/3861/products/86064cab636dd44fb380973901e3b5ac_2400x.jpg?v=1575425367,OFF-WHITE,top
11 BY BORIS BIDJAN SABERI BAMBA2 HIGH TOP SNEAKERS,$575.00 ,//cdn.shopify.com/s/files/1/0015/6611/3861/products/01293d7bdd4c283dd7260c22d40f103f_2400x.jpg?v=1580331649,BORIS BIDJAN SABERI,footwear
SAINT LAURENT MEN SL/10H HIGH TOP SNEAKER,$575.00 ,//cdn.shopify.com/s/files/1/0015/6611/3861/products/7c97aff14e31b74f8cb7f552e978dea6_2400x.jpg?v=1559267020,SAINT LAURENT,footwear
MAISON MARGIELA MEN TABI BOOTS,$582.00 ,//cdn.shopify.com/s/files/1/0015/6611/3861/products/9beddc37832606bdf18c507073095423_2400x.jpg?v=1567802362,MAISON MARGIELA,footwear
OFF-WHITE MEN SPRAY PAINTING OVER HOODIE,$585.00 ,//cdn.shopify.com/s/files/1/0015/6611/3861/products/95bba664f9a8ec4723e6fd04b8080e6c_2400x.jpg?v=1581623818,OFF-WHITE,top
OFF-WHITE MEN TAPE ARROWS OVER HOODIE,$585.00 ,//cdn.shopify.com/s/files/1/0015/6611/3861/products/6948e828cc36ef920d3d242a2eb79bfe_2400x.jpg?v=1581623487,OFF-WHITE,top
MARTINE ROSE MEN REVERSIBLE CREWNECK SWEATSHIRT,$585.00 ,//cdn.shopify.com/s/files/1/0015/6611/3861/products/01c62d063864d57333bb077d53959b72_2400x.jpg?v=1579298066,MARTINE ROSE,top
STONE ISLAND SHADOW PROJECT  MEN SWEATSHIRT,$590.00 ,//cdn.shopify.com/s/files/1/0015/6611/3861/products/fcaaa5718be8c2a8056252aa14eac003_2400x.jpg?v=1583798061,STONE ISLAND SHADOW PROJECT,top
THOM BROWNE MEN ARAN CABLE CREW NECK PULLOVER IN DONEGAL WITH 4 BAR STRIPE,$590.00 ,//cdn.shopify.com/s/files/1/0015/6611/3861/products/380834b29f187e87b0b0c3077735a27e_2400x.jpg?v=1584820015,THOM BROWNE,top
WERKSTATT MUNCHEN 5 RING COMBI MIXED M1181,$590.00 ,//cdn.shopify.com/s/files/1/0015/6611/3861/products/465de9b0442f2e3bfe7118094d5491e8_2400x.jpg?v=1543244752,WERKSTATT MUNCHEN,accessory
THOM BROWNE MEN CLASSIC SWEATPANT WITH ENGINEERED 4-BAR IN CLASSIC LOOP BACK,$590.00 ,//cdn.shopify.com/s/files/1/0015/6611/3861/products/dcf93fc2c029c9aae5b01bb0649bc3a2_2400x.jpg?v=1583424104,THOM BROWNE,accessory
RICK OWENS MEN DRAWSTING ASTAIRES CROPPED PANTS,$593.00 ,//cdn.shopify.com/s/files/1/0015/6611/3861/products/4cff3e6a76b3716e5a4001b5d765b095_2400x.jpg?v=1583608995,RICK OWENS,bottom
ZIGGY CHEN MEN KIMONO LONG SHIRT,$594.00 ,//cdn.shopify.com/s/files/1/0015/6611/3861/products/8ca56d9b18d1b28c11ce6f9704af3725_2400x.jpg?v=1581701980,ZIGGY CHEN,top
THOM BROWNE MEN CHINO TROUSERS IN DOUBLE FACE TECH PIQUE WITH 4 BAR STRIPE,$595.00 ,//cdn.shopify.com/s/files/1/0015/6611/3861/products/764b5bb20567e62946678704dcdb51e6_2400x.jpg?v=1559582482,THOM BROWNE,bottom
GOOD ART HLYWD NIXON TWIZZLER RING,$595.00 ,//cdn.shopify.com/s/files/1/0015/6611/3861/products/61cddd2cfdf69d1ebfc06c7f11a8a24d_2400x.png?v=1571229699,GOOD ART HLYWD,accessory
MAISON MARGIELA MEN REPLICA SNEAKERS,$595.00 ,//cdn.shopify.com/s/files/1/0015/6611/3861/products/97beda256f18ef66af449fa1f96404a5_2400x.jpg?v=1581965554,MAISON MARGIELA,footwear
RICK OWENS MEN ZIP FRONT HOODIE,$595.00 ,//cdn.shopify.com/s/files/1/0015/6611/3861/products/4b35d33c28f5c9b489b287427a7f0eb0_2400x.jpg?v=1577164328,RICK OWENS,top
OFF WHITE MEN PASCAL PAINTING OVER CREWNECK,$595.00 ,//cdn.shopify.com/s/files/1/0015/6611/3861/products/b0bce81f2e86ca6bce9fbb88a250e7f1_2400x.jpg?v=1581625439,OFF-WHITE,top
MA+ XS EXPANDABLE ACCORDION BAG,$595.00 ,//cdn.shopify.com/s/files/1/0015/6611/3861/products/d3b1e6f0fc0106891b81e5dad2a82249_2400x.jpg?v=1570306757,MA+,accessory
OFF-WHITE MEN 3D PENCIL OVER HOODIE,$595.00 ,//cdn.shopify.com/s/files/1/0015/6611/3861/products/944279b008038665fc5fcf33e18c7d4e_2400x.jpg?v=1578863611,OFF-WHITE,top
OFF-WHITE MEN ARCH SHAPES SLIM HOODIE,$595.00 ,//cdn.shopify.com/s/files/1/0015/6611/3861/products/aaf65f0ce3caa76ef41a72f985c28144_2400x.jpg?v=1575427707,OFF-WHITE,top
THOM BROWNE MEN CLASSIC WINGTIP BOOT WITH 4 BAR RWB EMBOSS AND LEATHER SOLE IN PEBBLE GRAIN,$598.00 ,//cdn.shopify.com/s/files/1/0015/6611/3861/products/5fb662ab8f7521bc44fdbfa364f9fe92_2400x.jpg?v=1567187805,THOM BROWNE,footwear
GUIDI Q10M SOFT HORSE LEATHER BAG,$600.00 ,//cdn.shopify.com/s/files/1/0015/6611/3861/products/766017f9975bdc639dfa52d6fe4740b3_2400x.jpg?v=1572971160,GUIDI,accessory
PALM ANGELS MEN POCKET HOODIE,$600.00 ,//cdn.shopify.com/s/files/1/0015/6611/3861/products/807c10bd186601de1665dd9808e8f15a_2400x.jpg?v=1578947864,PALM ANGELS,top
OFF-WHITE MEN DRIPPING ARROWS INCOMP HOODIE,$605.00 ,//cdn.shopify.com/s/files/1/0015/6611/3861/products/a0ce0bb54159370ec30750bdea2594fb_2400x.jpg?v=1581624144,OFF-WHITE,top
OFF-WHITE MEN EQ TWO POCKET FANNYPACK,$605.00 ,//cdn.shopify.com/s/files/1/0015/6611/3861/products/3de3c76f2f81fce77f9b2896bfb667b9_2400x.jpg?v=1582913261,OFF-WHITE,accessory
OFF-WHITE MEN OFF COURT SNEAKER,$605.00 ,//cdn.shopify.com/s/files/1/0015/6611/3861/products/68848bc413955cfb4cf20ad1d2332124_2400x.jpg?v=1575223178,OFF-WHITE,footwear
STONE ISLAND MEN FIELD JACKET,$610.00 ,//cdn.shopify.com/s/files/1/0015/6611/3861/products/1ab8ff64a4b1a8eea892410127e7afd6_2400x.jpg?v=1569353704,STONE ISLAND,jacket
OFF-WHITE MEN CARAVAGGIO ARROW SLIM HOODIE,$610.00 ,//cdn.shopify.com/s/files/1/0015/6611/3861/products/166dd76aeaa3333895f1b947e0103684_2400x.jpg?v=1582929246,OFF-WHITE,top
OFF-WHITE MEN AIRPORT TAPE OVER HOODIE,$610.00 ,//cdn.shopify.com/s/files/1/0015/6611/3861/products/7cfce6413cbeb845f4f1778e10d47716_2400x.jpg?v=1582928708,OFF-WHITE,top
OFF-WHITE MEN CARAVAGGIO SQUARE OVER HOODIE,$610.00 ,//cdn.shopify.com/s/files/1/0015/6611/3861/products/68929cb9e305d5ca4a990a1013dc290e_2400x.jpg?v=1582912023,OFF-WHITE,top
PALM ANGELS MEN HOODED TRACK JACKET,$610.00 ,//cdn.shopify.com/s/files/1/0015/6611/3861/products/dd688748d5e70516a553d0a293cddddc_2400x.jpg?v=1575763036,PALM ANGELS,jacket
PALM ANGELS MEN 5 POCKETS PANTS,$615.00 ,//cdn.shopify.com/s/files/1/0015/6611/3861/products/5bb694c9476dc35d7dc79e2735671504_2400x.jpg?v=1579810052,PALM ANGELS,bottom
GUIDI EARRING WITH HORSE LEATHER DETAILS,$615.00 ,//cdn.shopify.com/s/files/1/0015/6611/3861/products/a058bfce858d2d77535b7ea778826512_2400x.jpg?v=1572970976,GUIDI,accessory
UNDERCOVER MEN DYLAN THOMAS ZIP HOODY,$615.00 ,//cdn.shopify.com/s/files/1/0015/6611/3861/products/11da35d8991b4ca344cf54f5c8d4c7ea_2400x.jpg?v=1581707717,UNDERCOVER,top
OFF-WHITE MEN CARRYOVER EASY BACKPACK,$615.00 ,//cdn.shopify.com/s/files/1/0015/6611/3861/products/5c526de146225944fa49811c219324a3_2400x.jpg?v=1575222160,OFF-WHITE,accessory
OFF-WHITE MEN ARROW BASIC LOG SLIM ZIP HOOD,$620.00 ,//cdn.shopify.com/s/files/1/0015/6611/3861/products/b918d18254e31675eb0fce101cc283e7_2400x.jpg?v=1582841900,OFF-WHITE,top
DEEPTI MEN CLASSIC SELVEDGE JEANS WITH PROTRUDING POCKETS D-145 RARE IRON 47 FWBI,$620.00 ,//cdn.shopify.com/s/files/1/0015/6611/3861/products/52b7435bdbce72deba8d3fc1c08b6635_2400x.jpg?v=1565560711,DEEPTI,bottom
YOHJI YAMAMOTO POUR HOMME LETTER PRINTED T-SHIRT,$620.00 ,//cdn.shopify.com/s/files/1/0015/6611/3861/products/ed6ce9880c6bd730d39b3303bb106614_2400x.jpg?v=1581631225,YOHJI YAMAMOTO POUR HOMME,top
OFF-WHITE MEN OFF COURT LOW,$620.00 ,//cdn.shopify.com/s/files/1/0015/6611/3861/products/6d65401e2c8cc2f81123dbed2a9a11b2_2400x.jpg?v=1581624734,OFF-WHITE,footwear
OFF-WHITE MEN AIRPORT TAPE DOUBLE TEE HOODI,$625.00 ,//cdn.shopify.com/s/files/1/0015/6611/3861/products/c9aa27a615b0b171f67485beebc19264_2400x.jpg?v=1583884814,OFF-WHITE,top
OFF-WHITE MEN SLIM JEANS,$625.00 ,//cdn.shopify.com/s/files/1/0015/6611/3861/products/287dde911f087e22a230ee6e90304d6f_2400x.jpg?v=1582913596,OFF-WHITE,bottom
CANADA GOOSE MEN CABRI HOODY 2208M,$625.00 ,//cdn.shopify.com/s/files/1/0015/6611/3861/products/a162bb9aee5abc70c7580a328c2a0306_2400x.jpg?v=1570131306,CANADA GOOSE,top
MAISON MARGIELA MEN RETRO FIT LOW TOP SNEAKERS,$627.00 ,//cdn.shopify.com/s/files/1/0015/6611/3861/products/f4450c67b66b473d1b6c844f21e2c119_2400x.jpg?v=1569526341,MAISON MARGIELA,footwear
MAISON MARGIELA MEN RETRO FIT SNEAKERS,$627.00 ,//cdn.shopify.com/s/files/1/0015/6611/3861/products/554d782e55b6e64a87e8bc16ac0c80c3_2400x.jpg?v=1570570839,MAISON MARGIELA,footwear
PALM ANGELS MEN HUGE SIDEBAND TRACK JACKET,$630.00 ,//cdn.shopify.com/s/files/1/0015/6611/3861/products/5f7584977136299809e3190d3ab00bce_2400x.jpg?v=1575935799,PALM ANGELS,jacket
SONG FOR THE MUTE MEN CAT PRINTED SHORT SLEEVE OVERSIZED SHIRT,$630.00 ,//cdn.shopify.com/s/files/1/0015/6611/3861/products/3f951507e628227d1cc6a0cbf39c3150_2400x.jpg?v=1581630899,SONG FOR THE MUTE,top
STONE ISLAND MEN GARMENT DYED CRINKLE REPS NYLON JACKET,$630.00 ,//cdn.shopify.com/s/files/1/0015/6611/3861/products/e1d3379b78cd8c28f38238064c78e2c7_2400x.jpg?v=1578530117,STONE ISLAND,jacket
MASTERMIND WORLD LOGO RIBBON T-SHIRT,$630.00 ,//cdn.shopify.com/s/files/1/0015/6611/3861/products/15025087_25629422_1000_2400x.jpg?v=1581712248,MASTERMIND WORLD,top
OFF-WHITE MEN ARROW BASIC LOG SLIM ZIP HOODIE,$630.00 ,//cdn.shopify.com/s/files/1/0015/6611/3861/products/1bcc20333688d6dc3f9e38f1559e3307_2400x.jpg?v=1576419238,OFF-WHITE,top
OFF-WHITE MEN VULC MID SKATE SNEAKERS,$635.00 ,//cdn.shopify.com/s/files/1/0015/6611/3861/products/78d5bbd096ea322a9854daa51d1ac868_2400x.jpg?v=1576089771,OFF-WHITE,footwear
OFF-WHITE MEN TAPE ARROWS SLIM ZIP HOODIE,$645.00 ,//cdn.shopify.com/s/files/1/0015/6611/3861/products/3904a27041509d2f8d35bd9765c3bbff_2400x.jpg?v=1575602524,OFF-WHITE,top
RICK OWENS MEN DRAWSTING SLIM ASTAIRED LONG PANTS,$648.00 ,//cdn.shopify.com/s/files/1/0015/6611/3861/products/9c0f5284c021b361fe0e96bc3b20d28c_2400x.jpg?v=1581702260,RICK OWENS,bottom
THOM BROWNE MEN SS POLO IN MED WEIGHT JERSEY W/ ALLOVER DOLPHIN ICON PRINT,$650.00 ,//cdn.shopify.com/s/files/1/0015/6611/3861/products/dd39dce52e321814d1ab4772de215b81_2400x.jpg?v=1580754839,THOM BROWNE,top
THE NORTH FACE BLACK SERIES MEN SPECTRA BLOUSON,$650.00 ,//cdn.shopify.com/s/files/1/0015/6611/3861/products/14948612_26664189_1000_2400x.jpg?v=1585410310,THE NORTH FACE,top
MASTERMIND WORLD MEN GLITTER SKULL LOGO T-SHIRT,$650.00 ,//cdn.shopify.com/s/files/1/0015/6611/3861/products/a44033aa05b6549c2aa72424be138cbf_2400x.jpg?v=1581703812,MASTERMIND WORLD,top
THE NORTH FACE BLACK SERIES MEN SPECTRA MOUNTAIN LIGHT JACKET,$650.00 ,//cdn.shopify.com/s/files/1/0015/6611/3861/products/download_18_2400x.png?v=1584816175,THE NORTH FACE,jacket
LAYER-0 MEN CASHMERE SILK LONG SLEEVE T-SHIRT SWEATER,$650.00 ,//cdn.shopify.com/s/files/1/0015/6611/3861/products/3bb20d89ace741c24f59f1244efa1c6b_2400x.jpg?v=1565208795,LAYER-0,top
SAINT LAURENT MEN RAW EDGE DENIM SHORTS,$650.00 ,//cdn.shopify.com/s/files/1/0015/6611/3861/products/8c7f3b5494cb835b893e8fb55898fa0e_2400x.jpg?v=1575429024,SAINT LAURENT,bottom
LABEL UNDER CONSTRUCTION MEN CURVED INSEAM JEANS,$650.00 ,//cdn.shopify.com/s/files/1/0015/6611/3861/products/1_656180bb-69fc-42d1-8091-d84cf2821759_2400x.jpg?v=1570474283,LABEL UNDER CONSTRUCTION,bottom
OFF-WHITE MEN EQUIPMENT FANNYPACK,$655.00 ,//cdn.shopify.com/s/files/1/0015/6611/3861/products/de2eaecc93bfb6e75b5b39d793479985_2400x.jpg?v=1575603175,OFF-WHITE,accessory
Y/PROJECT UNISEX OVERSIZED/FITTED TRACK PANTS,$655.00 ,//cdn.shopify.com/s/files/1/0015/6611/3861/products/3a994d6e650d2042ef7c408af6cb6c9c_2400x.jpg?v=1579643989,Y/PROJECT,bottom
PALM ANGELS MEN TAPEBUTTERFLY CREWNECK,$655.00 ,//cdn.shopify.com/s/files/1/0015/6611/3861/products/07326f8e5a8c42e567361c381ab9f234_2400x.jpg?v=1580841978,PALM ANGELS,top
UNDERCOVER MEN CINDY SHERMAN SMOKING PULLOVER,$660.00 ,//cdn.shopify.com/s/files/1/0015/6611/3861/products/e311ce090aa8c8f42b340bf9257cbf29_2400x.jpg?v=1580754117,UNDERCOVER,top
UNDERCOVER MEN SPIDER WEB SHIRT,$660.00 ,//cdn.shopify.com/s/files/1/0015/6611/3861/products/1afdd14b86ad6c732338dc17588c8860_2400x.jpg?v=1581708808,UNDERCOVER,top
PALM ANGELS MEN TAPE SUNSET HOODIE,$660.00 ,//cdn.shopify.com/s/files/1/0015/6611/3861/products/e21063820ade9dbb687d88729978bc9d_2400x.jpg?v=1578947701,PALM ANGELS,top
OFF-WHITE MEN AIRPORT TAPE SLIM ZIP HOODIE,$660.00 ,//cdn.shopify.com/s/files/1/0015/6611/3861/products/0de20394d5adf889477c20cd0631df9e_2400x.jpg?v=1582912519,OFF-WHITE,top
UNDERCOVER MEN CINDY SHERMAN PULLOVER,$660.00 ,//cdn.shopify.com/s/files/1/0015/6611/3861/products/3b0a5b63155fa7d46efde1b62edf2d94_2400x.jpg?v=1581708975,UNDERCOVER,top
OFF-WHITE MEN FLANNEL CHECK SHIRT,$665.00 ,//cdn.shopify.com/s/files/1/0015/6611/3861/products/a0af19ec471f6d3f9a734ce2d9207100_2400x.jpg?v=1575344393,OFF-WHITE,top
"YOHJI YAMAMOTO POUR HOMME ""I WOULD NOT LEAVE YOU HERE ALONE"" SWEATER",$670.00 ,//cdn.shopify.com/s/files/1/0015/6611/3861/products/1b0066893b26d858bfc1f1ccf23c110e_2400x.jpg?v=1581631597,YOHJI YAMAMOTO POUR HOMME,top
READYMADE CALI THORNHILL-DEWITT TEES 3 PACK,$670.00 ,//cdn.shopify.com/s/files/1/0015/6611/3861/products/edf33d77f1f14ea00dac52ca3df0c7b0_2400x.jpg?v=1580331481,READYMADE,top
CANADA GOOSE WOMEN LADIES HYBRIDGE BASE JACKET 2729L 61 BLACK,$675.00 ,//cdn.shopify.com/s/files/1/0015/6611/3861/products/fe553a1eed78597195cf69c0c8ddf45c_2400x.jpg?v=1578701579,CANADA GOOSE,jacket
CANADA GOOSE MEN HYBRIDGE BASE JACKET 2729M,$675.00 ,//cdn.shopify.com/s/files/1/0015/6611/3861/products/917385450424537c5a9eab84db50827f_2400x.jpg?v=1577483207,CANADA GOOSE,jacket
DEEPTI MEN WIRED LONG SLEEVE SHIRT,$676.00 ,//cdn.shopify.com/s/files/1/0015/6611/3861/products/49f6af4f8ef963ea8ab5544e02012d5d_2400x.jpg?v=1565560704,DEEPTI,top
RICK OWENS MEN EMBROIDERIED SHIRTBAG JACKET,$688.00 ,//cdn.shopify.com/s/files/1/0015/6611/3861/products/1bd7fbf7c3dc3277941bde527cd0c10d_2400x.jpg?v=1551989263,RICK OWENS,jacket
SAINT LAURENT MEN CLASSIC WESTERN SHIRT,$690.00 ,//cdn.shopify.com/s/files/1/0015/6611/3861/products/0ec2d8b1ebfe8e82f80a313264564b6b_2400x.jpg?v=1580420887,SAINT LAURENT,top
SAINT LAURENT MEN PRINTED SHORT SLEEVE SHIRT,$690.00 ,//cdn.shopify.com/s/files/1/0015/6611/3861/products/e80fbcec3f200b4540de931ec6023dc5_2400x.jpg?v=1577666234,SAINT LAURENT,top
SAINT LAURENT MEN SKINNY LOW WAIST KNEE HOLE DENIM,$690.00 ,//cdn.shopify.com/s/files/1/0015/6611/3861/products/dd81ef743b022c050318e4123ef5fdf7_2400x.jpg?v=1560800755,SAINT LAURENT,bottom
RICK OWENS MEN V NECK SNAP CARDIGAN,$696.00 ,//cdn.shopify.com/s/files/1/0015/6611/3861/products/e6c9a6d158bbc9144dcf4cd265223eb3_2400x.jpg?v=1581726398,RICK OWENS,top
MAISON MARGIELA MEN RETRO FIT HI TOP SNEAKERS,$696.00 ,//cdn.shopify.com/s/files/1/0015/6611/3861/products/16dd027335d3e3637999190144ee495c_2400x.jpg?v=1567801155,MAISON MARGIELA,footwear
STONE ISLAND MEN NYLON METAL WATRO RIPSTOP ZIP UP JACKET,$700.00 ,//cdn.shopify.com/s/files/1/0015/6611/3861/products/3bb03ded03de098869139d58b1905692_2400x.jpg?v=1580058708,STONE ISLAND,jacket
THOM BROWNE MAIL ENVELOPE PHONE HOLDER WITH DETACHABLE RWB CROSSBODY STRAP IN PEBBLE GRAIN,$700.00 ,//cdn.shopify.com/s/files/1/0015/6611/3861/products/28154a38832fffcce2a568e064c5dd49_2400x.jpg?v=1564434430,THOM BROWNE,accessory
WERKSTATT MUNCHEN 6 RING COMBI ETERNITY M1240,$700.00 ,//cdn.shopify.com/s/files/1/0015/6611/3861/products/ffb815ba1d69061624655efde847b4e7_2400x.jpg?v=1542077445,WERKSTATT MUNCHEN,accessory
RICK OWENS MEN TECUATL CARGO PANTS,$708.00 ,//cdn.shopify.com/s/files/1/0015/6611/3861/products/49d608ae07c8e94690066259aa083181_2400x.jpg?v=1576635929,RICK OWENS,bottom
1017 ALYX 9SM MEN SLIDES WITH BUCKLE,$710.00 ,//cdn.shopify.com/s/files/1/0015/6611/3861/products/987e275c6ae662a2210490bc3cb1ebdf_2400x.jpg?v=1580482455,1017 ALYX 9SM,footwear
AMBUSH UNISEX NEW PATCHWORK SWEATSHIRT,$715.00 ,//cdn.shopify.com/s/files/1/0015/6611/3861/products/f37e7b440c17e0570841f82066447683_2400x.jpg?v=1581976175,AMBUSH,top
AMBUSH UNISEX DEKOTORA PRINT T-SHIRT,$715.00 ,//cdn.shopify.com/s/files/1/0015/6611/3861/products/6a43d0755443ce4c52b75092f2e94c6f_2400x.jpg?v=1581976422,AMBUSH,top
MAISON MARGIELA MEN ZIPPER DETAIL HOODIE,$715.00 ,//cdn.shopify.com/s/files/1/0015/6611/3861/products/6e2acc3d922d6b8222953f7c8f649554_2400x.jpg?v=1579033220,MAISON MARGIELA,top
"YOHJI YAMAMOTO POUR HOMME ""WARM HEART"" T-SHIRT",$720.00 ,//cdn.shopify.com/s/files/1/0015/6611/3861/products/5aef18484ea83294dd8dbb76ff84afa5_2400x.jpg?v=1581631427,YOHJI YAMAMOTO POUR HOMME,top
MARTINE ROSE MEN HOODIE WITH 20/20 ARTWORK,$720.00 ,//cdn.shopify.com/s/files/1/0015/6611/3861/products/41d789cd1d2703ef428b7d1e62601527_2400x.jpg?v=1579297744,MARTINE ROSE,top
MARTINE ROSE MEN HOODIE WITH CLOWN ARTWORK,$720.00 ,//cdn.shopify.com/s/files/1/0015/6611/3861/products/30ad8df22c98c0e1002704f38afc8fff_2400x.jpg?v=1579294029,MARTINE ROSE,top
YOHJI YAMAMOTO POUR HOMME YOHJI FACE SWEATER,$720.00 ,//cdn.shopify.com/s/files/1/0015/6611/3861/products/48c8f0854ff59f3cd6008ca4d15d9ab5_2400x.jpg?v=1581631871,YOHJI YAMAMOTO POUR HOMME,top
PALM ANGELS MEN MONOGRAM TRACK PANTS,$725.00 ,//cdn.shopify.com/s/files/1/0015/6611/3861/products/40f7497fb84b42d23517e0e8e312b668_2400x.jpg?v=1585086311,PALM ANGELS,bottom
THOM BROWNE MEN CLASSIC FULL ZIP HOODIE WITH ENGINEERED 4-BAR IN CLASSIC LOOP BACK,$725.00 ,//cdn.shopify.com/s/files/1/0015/6611/3861/products/1867b0ca90ac96e79432ece112c19220_2400x.jpg?v=1547052877,THOM BROWNE,top
PALM ANGELS MEN MONOGRAM SLIM TRACK PANTS,$725.00 ,//cdn.shopify.com/s/files/1/0015/6611/3861/products/dd950633559d5439a5d5847ab77bc988_2400x.jpg?v=1581700367,PALM ANGELS,bottom
MAISON MARGILEA MEN SIDE DRAWSTRING PANTS,$725.00 ,//cdn.shopify.com/s/files/1/0015/6611/3861/products/ff1a59f9b1776999b02dace65e08ac5a_2400x.jpg?v=1579039550,MAISON MARGIELA,bottom
VETEMENTS UNISEX LOGO HOODIE,$730.00 ,//cdn.shopify.com/s/files/1/0015/6611/3861/products/22d42269da691caa41f271116461f882_2400x.jpg?v=1574129288,VETEMENTS,top
READYMADE SMILE FIRE HOODIE,$735.00 ,//cdn.shopify.com/s/files/1/0015/6611/3861/products/c4cd88a7a1a9c3b311d00284c039e04c_2400x.jpg?v=1580331394,READYMADE,top
OFF-WHITE RIPSTOP MEN CROSSBODY FLAP,$740.00 ,//cdn.shopify.com/s/files/1/0015/6611/3861/products/72d179ef4f9ebbdb3a064f7c9819b558_2400x.jpg?v=1582914355,OFF-WHITE,accessory
OFF-WHITE MEN MEN CROSSBODY FLAP BAG,$740.00 ,//cdn.shopify.com/s/files/1/0015/6611/3861/products/9334b29a4416ce570352092b7eb1fc66_2400x.jpg?v=1576636258,OFF-WHITE,accessory
OFF-WHITE MEN AIRPORT TAPE BACKPACK,$740.00 ,//cdn.shopify.com/s/files/1/0015/6611/3861/products/f182f7ce9d341b67c18bc2319c5e23f7_2400x.jpg?v=1582914519,OFF-WHITE,accessory
YOHJI YAMAMOTO POUR HOMME FLAP WIDE PANTS,$740.00 ,//cdn.shopify.com/s/files/1/0015/6611/3861/products/eb7cde4343bb5baf0230052ab83971c8_2400x.jpg?v=1582575997,YOHJI YAMAMOTO POUR HOMME,bottom
1017 ALYX 9SM CLASSIC CROSSBODY BAG,$742.00 ,//cdn.shopify.com/s/files/1/0015/6611/3861/products/8db068f1a4ec08207555d75678b968c0_2400x.jpg?v=1564777403,1017 ALYX 9SM,accessory
RICK OWENS MEN KNIT TRACK PANTS WITH UFW PATCH,$744.00 ,//cdn.shopify.com/s/files/1/0015/6611/3861/products/81a75c5b9ae6f5f1ab936d5296743ab1_2400x.jpg?v=1581702435,RICK OWENS,bottom
PALM ANGELS MEN TIE DYE CHENILLE TRACK PANTS,$745.00 ,//cdn.shopify.com/s/files/1/0015/6611/3861/products/14575059_23834377_1000_2400x.jpg?v=1575925844,PALM ANGELS,bottom
THOM BROWNE BUM BAG IN SHINY TBNY PAPER LABEL PRINTED CAVALRY TWILL + PEBBLE GRAIN,$745.00 ,//cdn.shopify.com/s/files/1/0015/6611/3861/products/485efca43f963ccde2474ba890614f48_2400x.jpg?v=1564342871,THOM BROWNE,accessory
GREG LAUREN MEN DENIM ROYAL HOODED TRUCKER,$750.00 ,//cdn.shopify.com/s/files/1/0015/6611/3861/products/e2e70b8cfb4a424adbc3559071897e6f_2400x.jpg?v=1557662254,GREG LAUREN,jacket
1017 ALYX 9SM MEN TACTICAL VEST,$750.00 ,//cdn.shopify.com/s/files/1/0015/6611/3861/products/8bcd79258d7da58b5b0fb1f34c801867_2400x.jpg?v=1582583369,1017 ALYX 9SM,jacket
VETEMENTS UNISEX GOTHIC VETEMENTS SHIRT,$750.00 ,//cdn.shopify.com/s/files/1/0015/6611/3861/products/62ba8c7b247b6f86d56221ebe445ff71_2400x.jpg?v=1580420352,VETEMENTS,top
PALM ANGELS MEN INDACO OVER LOGO 5 POCKETS JEANS,$750.00 ,//cdn.shopify.com/s/files/1/0015/6611/3861/products/96747783c1b978b2c8626ad58fab8e9e_2400x.jpg?v=1575672483,PALM ANGELS,bottom
CANADA GOOSE MEN SEAWOLF JACKET BLACK 5607M,$750.00 ,//cdn.shopify.com/s/files/1/0015/6611/3861/products/e6a11d933eb446106e29525e257e2cf3_2400x.jpg?v=1578859830,CANADA GOOSE,jacket
CANADA GOOSE MEN BRETON COAT 2215M,$750.00 ,//cdn.shopify.com/s/files/1/0015/6611/3861/products/29619c47c99fce6dcb0a5091da6ee7af_2400x.jpg?v=1578357263,CANADA GOOSE,jacket
GREG LAUREN MEN ARMY BAKER CARGO SHORTS,$750.00 ,//cdn.shopify.com/s/files/1/0015/6611/3861/products/5863d9b34863c8203582af22f396fe2f_2400x.jpg?v=1580330265,GREG LAUREN,bottom
VETEMENTS MEN REEBOK EDITION SPIKE RUNNER 200 SNEAKERS,$755.00 ,//cdn.shopify.com/s/files/1/0015/6611/3861/products/db3b745e1ae00d6c9d863f922f8d8797_2400x.jpg?v=1576108272,VETEMENTS,footwear
SONG FOR THE MUTE MEN SINGLE PLEATED PANT,$755.00 ,//cdn.shopify.com/s/files/1/0015/6611/3861/products/9dc4a1c6895b87085077c58999ff0d14_2400x.jpg?v=1581631237,SONG FOR THE MUTE,bottom
SONG FOR THE MUTE MEN ELASTICATED PATCH POCKET PANT,$755.00 ,//cdn.shopify.com/s/files/1/0015/6611/3861/products/4ebb27b5571bcc60174adcd6c006b103_2400x.jpg?v=1581631255,SONG FOR THE MUTE,bottom
MAISON MARGIELA MEN PLEATED TRACK PANTS,$755.00 ,//cdn.shopify.com/s/files/1/0015/6611/3861/products/fb66c3ad3f5fb1668e06656ebac94d69_2400x.jpg?v=1576267426,MAISON MARGIELA,bottom
VETEMENTS MEN SHUT UP HOODIE,$760.00 ,//cdn.shopify.com/s/files/1/0015/6611/3861/products/667293acb397a8858984c59e1d8c93eb_2400x.jpg?v=1578949335,VETEMENTS,top
MA+ ONE PIECE ROUND GLASSES,$760.00 ,//cdn.shopify.com/s/files/1/0015/6611/3861/products/586a00f9466bbccd5fd3f4a23c1e7bda_2400x.jpg?v=1570823435,MA+,accessory
DEEPTI LEATHER WAIST BAG,$760.00 ,//cdn.shopify.com/s/files/1/0015/6611/3861/products/0fab774a134d6db6c357e0eced0d20dd_2400x.jpg?v=1570573544,DEEPTI,accessory
MAISON MARGIELA MEN SILVER PAINTED LOW TOP TABI SNEAKERS,$765.00 ,//cdn.shopify.com/s/files/1/0015/6611/3861/products/169acd6e69d5d09de39b5cbf55517913_2400x.jpg?v=1574309264,MAISON MARGIELA,footwear
MCM SMALL STARK BACKPACK SIDE STUD,$765.00 ,//cdn.shopify.com/s/files/1/0015/6611/3861/products/28f1cef5e7c0b460cf8b3c9d3322e000_2400x.jpg?v=1583077919,MCM,accessory
DRKSHDW MEN WORKER JACKET,$765.00 ,//cdn.shopify.com/s/files/1/0015/6611/3861/products/5d7b48177299db67bed5e71895b2c8c6_2400x.jpg?v=1585408954,RICK OWENS DRKSHDW,jacket
MAISON MARGIELA MEN TABI MOCCASINS,$765.00 ,//cdn.shopify.com/s/files/1/0015/6611/3861/products/d118a113847ea8689bf92f4f2a0af411_2400x.jpg?v=1574308619,MAISON MARGIELA,footwear
YOHJI YAMAMOTO POUR HOMME WIDE LEG CROPPED PANTS,$770.00 ,//cdn.shopify.com/s/files/1/0015/6611/3861/products/205d79313cf404e70771c7268c465da0_2400x.jpg?v=1581700618,YOHJI YAMAMOTO POUR HOMME,bottom
GR10K MEN GORE-TEX FRONTLINE SOFTSHELL PULLOVER,$775.00 ,//cdn.shopify.com/s/files/1/0015/6611/3861/products/cfe93a0759045273f11c7f18cdf3968a_2400x.jpg?v=1582842721,GR10K,top
MARTINE ROSE MEN DENIM JACKET WITH WIDE SHOULDERS,$775.00 ,//cdn.shopify.com/s/files/1/0015/6611/3861/products/dd1924fa872e6b83e7378af6ff233040_2400x.jpg?v=1583884287,MARTINE ROSE,jacket
HOMME PLISSE ISSEY MIYAKE MEN PLATED HAKAMA PANTS,$775.00 ,//cdn.shopify.com/s/files/1/0015/6611/3861/products/e59a895a93989afe7e9542ac414b840f_2400x.jpg?v=1581705070,HOMME PLISSE ISSEY MIYAKE,bottom
YOHJI YAMAMOTO POUR HOMME WIDE LEG BALLOON PANTS,$780.00 ,//cdn.shopify.com/s/files/1/0015/6611/3861/products/acbce627b9b53fff4a97f85cfb34525d_2400x.jpg?v=1581638187,YOHJI YAMAMOTO POUR HOMME,bottom
THOM BROWNE MEN LONG WING BROGUE SNEAKER W/ RWB CUPSOLE IN PEBBLE GRAIN LEATHER,$785.00 ,//cdn.shopify.com/s/files/1/0015/6611/3861/products/c31c273622c83f24926d1b8d2513e3e7_2400x.jpg?v=1577830111,THOM BROWNE,footwear
MAISON MARGIELA MEN OVERSIZED STITCHED TAG SWEATSHIRT WITH KANGAROO POCKET,$790.00 ,//cdn.shopify.com/s/files/1/0015/6611/3861/products/5122f6a035dc336025b1111681e9c6bd_2400x.jpg?v=1576267610,MAISON MARGIELA,top
YOHJI YAMAMOTO POUR HOMME PRINTED LONG SLEEVE T-SHIRT,$790.00 ,//cdn.shopify.com/s/files/1/0015/6611/3861/products/ad97bde73a6624673bf6cc297428b3bf_2400x.jpg?v=1581633233,YOHJI YAMAMOTO POUR HOMME,top
THOM BROWNE MEN SWEATPANTS IN CLASSIC LOOPBACK WITH RWB STRIPE,$790.00 ,//cdn.shopify.com/s/files/1/0015/6611/3861/products/c16a44a24d57bac9caf92d4e9eb64c83_2400x.jpg?v=1576095042,THOM BROWNE,bottom
PALM ANGELS MEN TIE DYE CHENILLE TRACK JACKET,$795.00 ,//cdn.shopify.com/s/files/1/0015/6611/3861/products/a92a07cd7c2684b615ecba0067c7419b_2400x.jpg?v=1575743588,PALM ANGELS,jacket
OFF-WHITE MEN PARACHUTE CARGO PANT,$800.00 ,//cdn.shopify.com/s/files/1/0015/6611/3861/products/9db4ea3150fceec5903f1b95e8b02bec_2400x.jpg?v=1575223345,OFF-WHITE,bottom
MAISON MARGIELA MEN CUT OFF NUMBER LOGO COMBO SWEATSHIRT,$800.00 ,//cdn.shopify.com/s/files/1/0015/6611/3861/products/e069ad7f2c787ec3fec4f505849b10c3_2400x.jpg?v=1578183529,MAISON MARGIELA,top
MAISON MARGIELA MEN SILVER PAINTED HIGH TOP TABI SNEAKERS,$800.00 ,//cdn.shopify.com/s/files/1/0015/6611/3861/products/234f571996a539a274522f957945ebee_2400x.jpg?v=1575938266,MAISON MARGIELA,footwear
YOHJI YAMAMOTO POUR HOMME PRINTED STAFF SHIRT,$800.00 ,//cdn.shopify.com/s/files/1/0015/6611/3861/products/04e1a7491b3dfd50abbbe112549df612_2400x.jpg?v=1581632201,YOHJI YAMAMOTO POUR HOMME,top
THE NORTH FACE BLACK SERIES MEN SPACER KNIT MOUNTAIN LIGHT JACKET,$800.00 ,//cdn.shopify.com/s/files/1/0015/6611/3861/products/14948590_26653561_1000_2400x.jpg?v=1585409934,THE NORTH FACE,jacket
MAISON MARGIELA MEN NUMBER LOGO SWEATSHIRT,$805.00 ,//cdn.shopify.com/s/files/1/0015/6611/3861/products/f8a6bc8ce22ece3f88bfbf35f0de907d_2400x.jpg?v=1578846574,MAISON MARGIELA,top
STONE ISLAND MEN LOOM WOVEN DOWN CHAMBERS STRETCH NYLON-TC JACKET,$810.00 ,//cdn.shopify.com/s/files/1/0015/6611/3861/products/0f5672b5fd2030d6a397dd23bbf0ff7c_2400x.jpg?v=1578528495,STONE ISLAND,jacket
PALM ANGELS MEN OVER LOGO DENIM CABAN,$810.00 ,//cdn.shopify.com/s/files/1/0015/6611/3861/products/d3e592cd3d5a3428e9a4eb8a76df5d6a_2400x.jpg?v=1575743336,PALM ANGELS,jacket
ANN DEMEULEMEESTER MEN CLASSIC COMBO TROUSER WITH KEYCHAIN,$815.00 ,//cdn.shopify.com/s/files/1/0015/6611/3861/products/4c613798934a305d3e7d2fffe3fcf9fc_2400x.jpg?v=1585408615,ANN DEMEULEMEESTER,bottom
RICK OWENS MEN TECUATL SNEAKERS,$816.00 ,//cdn.shopify.com/s/files/1/0015/6611/3861/products/2c9e5b472965cffb7f680beaa2728d4e_2400x.jpg?v=1576960992,RICK OWENS,footwear
ZIGGY CHEN MEN PATCHWORK JACKET,$822.00 ,//cdn.shopify.com/s/files/1/0015/6611/3861/products/5f5c2b7913159cff8ad7671a4da63ad5_2400x.jpg?v=1581702546,ZIGGY CHEN,jacket
MASTERMIND WORLD MEN MONOGRAM T-SHIRT,$825.00 ,//cdn.shopify.com/s/files/1/0015/6611/3861/products/7bd75a8eedd87f95a5a170287de48bbb_2400x.jpg?v=1581711675,MASTERMIND WORLD,top
OFF-WHITE MEN 3D PENCIL SLIM JEANS JACKET,$830.00 ,//cdn.shopify.com/s/files/1/0015/6611/3861/products/89b3e6afc348bc8bec41a7d317e6a2f5_2400x.jpg?v=1575602195,OFF-WHITE,jacket
MA+ COW LEATHER EXPANDALE ACCORDION BAG,$835.00 ,//cdn.shopify.com/s/files/1/0015/6611/3861/products/17cdbfeeb5322b76320dafcac619f81d_2400x.jpg?v=1570306680,MA+,accessory
MAISON MARGIELA MEN 5 POCKETS PANTS,$835.00 ,//cdn.shopify.com/s/files/1/0015/6611/3861/products/da29e10a8a3cf5ccd9991841b43d19b9_2400x.jpg?v=1582843439,MAISON MARGIELA,bottom
1017 ALYX 9SM MEN REMOVABLE VIBRAM SOLE CHELSEA BOOTS,$835.00 ,//cdn.shopify.com/s/files/1/0015/6611/3861/products/2ea7eff5948f192fb092f999d69b67b2_2400x.jpg?v=1581700791,1017 ALYX 9SM,footwear
YOHJI YAMAMOTO POUR HOMME HANDS PRINT STAFF SHIRT,$840.00 ,//cdn.shopify.com/s/files/1/0015/6611/3861/products/c1f125dbd439874bfa8cf22f7708e4f6_2400x.jpg?v=1581635814,YOHJI YAMAMOTO POUR HOMME,top
THOM BROWNE MEN TRACK PANTS WITH RWB STRIPE IN INTERLOCK,$840.00 ,//cdn.shopify.com/s/files/1/0015/6611/3861/products/7f05a25d5d429eddd1a0ca8074c9e8f2_2400x.jpg?v=1584818874,THOM BROWNE,bottom
DEEPTI CLASSIC SHORT JACKET,$840.00 ,//cdn.shopify.com/s/files/1/0015/6611/3861/products/a34a6eac3ba5d1b47bd9f04924dcb242_2400x.jpg?v=1565560277,DEEPTI,jacket
MAISON MARGIELA MEN TABI MOCCASIN,$845.00 ,//cdn.shopify.com/s/files/1/0015/6611/3861/products/a02d577fcff79316dd43e9782e81d333_2400x.jpg?v=1578755834,MAISON MARGIELA,footwear
OFF-WHITE MEN ARROW SLIM JEANS JACKET,$845.00 ,//cdn.shopify.com/s/files/1/0015/6611/3861/products/9148e7e1b240bcb2a3f28484b1afa13d_2400x.jpg?v=1575601877,OFF-WHITE,jacket
1017 ALYX 9SM UNISEX CLASSIC MINI CHEST RIG,$845.00 ,//cdn.shopify.com/s/files/1/0015/6611/3861/products/891c21a49a191a8c960ddcfa6bd48a1d_2400x.jpg?v=1579644531,1017 ALYX 9SM,accessory
THE NORTH FACE BLACK SERIES MEN MOUTAIN LIGHT FUTURELIGHT COAT,$850.00 ,//cdn.shopify.com/s/files/1/0015/6611/3861/products/14948986_26664899_1000_2400x.jpg?v=1585411032,THE NORTH FACE,jacket
STONE ISLAND MEN TIGHTLY WOVEN NYLON TWILL-TC ZIP UP JACKET,$855.00 ,//cdn.shopify.com/s/files/1/0015/6611/3861/products/f6637aedf45212282dfaea09b11dda9b_2400x.jpg?v=1580842222,STONE ISLAND,jacket
MA+ MEN DENIM JEANS,$860.00 ,//cdn.shopify.com/s/files/1/0015/6611/3861/products/48a02e7da0ba97cc0428bcf947f22345_2400x.jpg?v=1541905255,MA+,bottom
VETEMENTS MEN SHUT UP ZIP UP HOODIE,$860.00 ,//cdn.shopify.com/s/files/1/0015/6611/3861/products/27e637355396034d2495ea4c6353b648_2400x.jpg?v=1578949169,VETEMENTS,top
YOHJI YAMAMOTO POUR HOMME FIGURE PRINT LONG CARDIGAN,$860.00 ,//cdn.shopify.com/s/files/1/0015/6611/3861/products/02e83af39c6fe50c31fd232c1f06f736_2400x.jpg?v=1581633396,YOHJI YAMAMOTO POUR HOMME,top
GOOD ART HLYWD ROOT BEER BARREL KEYCHAIN,$865.00 ,//cdn.shopify.com/s/files/1/0015/6611/3861/products/889ed0bf955aa878fda5d535e3d5ece6_2400x.jpg?v=1543086317,GOOD ART HLYWD,accessory
STONE ISLAND MEN LOOM WOVEN DOWN CHAMBERS STRETCH NYLON-TC HOODED JACKET,$870.00 ,//cdn.shopify.com/s/files/1/0015/6611/3861/products/56f1f6edf8648644f83a335c817b67e2_2400x.jpg?v=1578529042,STONE ISLAND,jacket
DEEPTI CLASSIC SHORT JACKET LINED,$876.00 ,//cdn.shopify.com/s/files/1/0015/6611/3861/products/04e2a37ebc7ceae860fea44c941c85af_2400x.jpg?v=1570574321,DEEPTI,jacket
Y/PROJECT UNISEX COVERED LONG SLEEVE T-SHIRT,$880.00 ,//cdn.shopify.com/s/files/1/0015/6611/3861/products/9dc6b574396f026ce4eeb5a79358959e_2400x.jpg?v=1581100949,Y/PROJECT,top
1017 ALYX 9SM MEN BLACKMEANS SHORTS,$880.00 ,//cdn.shopify.com/s/files/1/0015/6611/3861/products/de22219e5145244da13ae045ae20b639_2400x.jpg?v=1579296700,1017 ALYX 9SM,bottom
OFF-WHITE MEN ARROW OVER DENIM SHIRT,$885.00 ,//cdn.shopify.com/s/files/1/0015/6611/3861/products/26ea7a3abf132cf651227dfe4ec0d4fe_2400x.jpg?v=1582913767,OFF-WHITE,top
RICK OWENS MEN GEOBASKET SNEAKER,$888.00 ,//cdn.shopify.com/s/files/1/0015/6611/3861/products/5517912aa990838f9a780076357f3a2c_2400x.jpg?v=1581618785,RICK OWENS,footwear
SAINT LAURENT MEN VELVET SKINNY 5 POCKETS PANTS000,$890.00 ,//cdn.shopify.com/s/files/1/0015/6611/3861/products/15087895_25720687_1000_2400x.jpg?v=1581703237,SAINT LAURENT,bottom
SAINT LAURENT BELT BAG,$890.00 ,//cdn.shopify.com/s/files/1/0015/6611/3861/products/fb091801002e04b8446f31f1dae6c5f5_2400x.png?v=1580421727,SAINT LAURENT,accessory
THOM BRWONE MEN HOODIE ZIP-UP PULLOVER IN CLASSIC LOOPBACK WITH CB RWB STRIPE,$890.00 ,//cdn.shopify.com/s/files/1/0015/6611/3861/products/c3bee0ced0d101458958f0e5009f5031_2400x.jpg?v=1574303684,THOM BROWNE,top
OFF-WHITE MEN LOGO KNIT HOODIE,$890.00 ,//cdn.shopify.com/s/files/1/0015/6611/3861/products/cfb92c21736ce08ca8a459721184e31e_2400x.jpg?v=1576088125,OFF-WHITE,top
SAINT LAURENT MEN DYLAN 40 ELAST BOOTS NERO,$895.00 ,//cdn.shopify.com/s/files/1/0015/6611/3861/products/a33aa701df0976936a4c0962d29b1fb3_2400x.jpg?v=1579908563,SAINT LAURENT,footwear
RICK OWENS BUM BAG,$900.00 ,//cdn.shopify.com/s/files/1/0015/6611/3861/products/acf3e701daac45c4ebd3599c0501f7fc_2400x.jpg?v=1577663227,RICK OWENS,accessory
OFF-WHITE MEN CAMERA BAG,$905.00 ,//cdn.shopify.com/s/files/1/0015/6611/3861/products/dfddfc0f3c93a1e8705b53ffbc7d8a97_2400x.jpg?v=1576088119,OFF-WHITE,accessory
1017 ALYX 9SM MEN RIDING PANTS,$915.00 ,//cdn.shopify.com/s/files/1/0015/6611/3861/products/5cc6fd6bdbf60dbbfd442757a58d6f3b_2400x.jpg?v=1582580591,1017 ALYX 9SM,bottom
UMA WANG MEN PIGIAMA PANTS,$915.00 ,//cdn.shopify.com/s/files/1/0015/6611/3861/products/f5391cdc661fbec2416decd91e8d0fcb_2400x.jpg?v=1585666986,UMA WANG,bottom
OFF-WHITE MEN AIRPORT TAPE SLIM JEANS JKT VINTAGE WASH,$915.00 ,//cdn.shopify.com/s/files/1/0015/6611/3861/products/e78dbb5292982043c8df892aa36ff7f3_2400x.jpg?v=1582913777,OFF-WHITE,bottom
MA+ MEN DENIM JACKET,$920.00 ,//cdn.shopify.com/s/files/1/0015/6611/3861/products/64c521e0d0a0430250a4358c3a4be4ba_2400x.jpg?v=1566162093,MA+,jacket
OFF-WHITE CRINKLED MEN CROSSB FLAP,$925.00 ,//cdn.shopify.com/s/files/1/0015/6611/3861/products/7b978518e2b61552ea9971c9a3d34e8d_2400x.jpg?v=1583078634,OFF-WHITE,accessory
UNDERCOVER MEN JACQUARD DENIM WINDBREAKER JACKET,$930.00 ,//cdn.shopify.com/s/files/1/0015/6611/3861/products/a64afd0f81091107f76364d119a470ec_2400x.jpg?v=1580753879,UNDERCOVER,jacket
THOM BROWNE MEN UNCONSTRUCTED CLASSIC SB SPORT COAT WITH SEAMED IN 4 BAR STRIPE IN COTTON TWILL,$950.00 ,//cdn.shopify.com/s/files/1/0015/6611/3861/products/cc43de1f16b24f0a7c92ae875ea561a6_2400x.jpg?v=1561414902,THOM BROWNE,jacket
THOM BROWNE MEN CLASSIC BACKSTRAP TROUSER IN ENGINEERED 4 BAR PLAIN WEAVE SUITING,$950.00 ,//cdn.shopify.com/s/files/1/0015/6611/3861/products/b10165f0266968d0240bbd4c58c4871f_2400x.jpg?v=1582329562,THOM BROWNE,bottom
THOM BROWNE MEN CLASSIC V-NECK CARDIGAN IN FINE MERINO WOOL,$950.00 ,//cdn.shopify.com/s/files/1/0015/6611/3861/products/927438eb5332b42efe82d3d7f8c47939_2400x.jpg?v=1547050288,THOM BROWNE,top
GUIDI MEN 792Z CLASSIC SOFT HORSE LEATHER DERBY,$950.00 ,//cdn.shopify.com/s/files/1/0015/6611/3861/products/e7623a431407415d4f647e0855851541_2400x.jpg?v=1583878570,GUIDI,footwear
THOM BROWNE MEN SNAP FRONT SHIRT JACKET W/ GG ARMBAND IN SOLID NYLON SHELL,$950.00 ,//cdn.shopify.com/s/files/1/0015/6611/3861/products/519d22ce213bf7f8128fa20e08d39b7a_2400x.jpg?v=1580755422,THOM BROWNE,jacket
YOHJI YAMAMOTO POUR HOMME BALLOON PANTS,$970.00 ,//cdn.shopify.com/s/files/1/0015/6611/3861/products/e06b6e29e450f4897ff870bbe145b6f8_2400x.jpg?v=1581637402,YOHJI YAMAMOTO POUR HOMME,bottom
SAINT LAURENT MEN WYATT CHELSEA BOOTS,$975.00 ,//cdn.shopify.com/s/files/1/0015/6611/3861/products/5f950afc665d58d3a05d144f9145a64e_2400x.jpg?v=1574195564,SAINT LAURENT,footwear
RICK OWENS MEN IES BOMBER,$984.00 ,//cdn.shopify.com/s/files/1/0015/6611/3861/products/6ef3342e960dd213de43b57ba0713d46_2400x.jpg?v=1585335898,RICK OWENS,jacket
PALM ANGELS MEN MONOGRAM TRACK JACKET,$985.00 ,//cdn.shopify.com/s/files/1/0015/6611/3861/products/aa2fe2ce446ad8420ab790a5c3dacc62_2400x.jpg?v=1585085672,PALM ANGELS,jacket
MAISON MARGIELA GLAM SLAM BELT FANNY PACK,$990.00 ,//cdn.shopify.com/s/files/1/0015/6611/3861/products/73713606e5b6ef89003d225cbe582c1c_2400x.jpg?v=1578703189,MAISON MARGIELA,accessory
MAISON MARGIELA MEN TRACK JACKET,$990.00 ,//cdn.shopify.com/s/files/1/0015/6611/3861/products/82f751cd169feadf9b337b33cf1a7de0_2400x.jpg?v=1584896626,MAISON MARGIELA,jacket
MAISON MARGIELA MEN FUSION SNEAKERS,$990.00 ,//cdn.shopify.com/s/files/1/0015/6611/3861/products/7a35252186f9810e20cd9d253434ad0e_2400x.jpg?v=1571268343,MAISON MARGIELA,footwear
BORIS BIDJAN SABERI MEN P6 SWEATPANTS,$995.00 ,//cdn.shopify.com/s/files/1/0015/6611/3861/products/910bef6d9b793c23c5c03120a2d97b9d_2400x.jpg?v=1580332313,BORIS BIDJAN SABERI,bottom
1017 ALYX 9SM MEN 5 POCKET BLACKMEANS PANTS,"$1,000.00 ",//cdn.shopify.com/s/files/1/0015/6611/3861/products/3be4babeb8db3e029999f052885c2aa8_2400x.jpg?v=1579302218,1017 ALYX 9SM,bottom
GREG LAUREN MEN ARMY DENIM FRAGMENT HOODIE,"$1,000.00 ",//cdn.shopify.com/s/files/1/0015/6611/3861/products/7f8a369b15a183b68d5b60dcf5659202_2400x.jpg?v=1584564545,GREG LAUREN,top
UNDERCOVER MEN JACQUARD DENIM SHIRT JACKET LONG,"$1,005.00 ",//cdn.shopify.com/s/files/1/0015/6611/3861/products/da6babf850c60a88207f544f68ca5be4_2400x.jpg?v=1581708543,UNDERCOVER,jacket
UMA WANG MEN TAB TOP,"$1,010.00 ",//cdn.shopify.com/s/files/1/0015/6611/3861/products/104765b72b68ab34ecf482b82d6e5022_2400x.jpg?v=1580335489,UMA WANG,top
ZIGGY CHEN MEN MANDARIN COLLAR JACKET,"$1,011.00 ",//cdn.shopify.com/s/files/1/0015/6611/3861/products/9be473791813d3f648a5c0add1288788_2400x.jpg?v=1569598600,ZIGGY CHEN,jacket
Y/PROJECT UNISEX OVERSIZED/FITTED TRACK JACKET,"$1,015.00 ",//cdn.shopify.com/s/files/1/0015/6611/3861/products/ceec5eebce8f691f7c752e8506cfdc6d_2400x.jpg?v=1580330763,Y/PROJECT,jacket
BORIS BIDJAN SABERI MEN ZIPPER2 HOODIE,"$1,030.00 ",//cdn.shopify.com/s/files/1/0015/6611/3861/products/210ed1e0b08b69a6cb31f907452007e9_2400x.jpg?v=1580332763,BORIS BIDJAN SABERI,top
YOHJI YAMAMOTO POUR HOMME BALLOON SHAPE PANTS,"$1,050.00 ",//cdn.shopify.com/s/files/1/0015/6611/3861/products/75e5b58f6f404a9b316b3c699707d58b_2400x.jpg?v=1581637237,YOHJI YAMAMOTO POUR HOMME,bottom
LAYER-0 MEN WELT POCKET PANTS,"$1,050.00 ",//cdn.shopify.com/s/files/1/0015/6611/3861/products/86c0351b8a4950c39fdd5d94c5d35657_2400x.jpg?v=1565215149,LAYER-0,bottom
YOHJI YAMAMOTO POUR HOMME HAKAMA PANTS,"$1,060.00 ",//cdn.shopify.com/s/files/1/0015/6611/3861/products/97b3754421476535748928acd5941f48_2400x.jpg?v=1582575830,YOHJI YAMAMOTO POUR HOMME,bottom
1017 ALYX 9SM MEN LOW BUCKLE BOOT WITH FIXED SOLE,"$1,075.00 ",//cdn.shopify.com/s/files/1/0015/6611/3861/products/1b27061918403669b98ce0e1f4330c8a_2400x.jpg?v=1581700902,1017 ALYX 9SM,footwear
MAISON MARGIELA MEN 5AC BAG,"$1,075.00 ",//cdn.shopify.com/s/files/1/0015/6611/3861/products/bec1bef0d3af70e14a64c72a72621840_2400x.jpg?v=1579907539,MAISON MARGIELA,accessory
OFF-WHITE MEN VERT CLIMB VOYAGER S/S SHIRT,"$1,075.00 ",//cdn.shopify.com/s/files/1/0015/6611/3861/products/2d9375027920c6fbf7544f37e087604d_2400x.jpg?v=1582912759,OFF-WHITE,top
MAISON MARGIELA PAINTED BACKPACK,"$1,080.00 ",//cdn.shopify.com/s/files/1/0015/6611/3861/products/0186b18b151e02f754ae8514d5c8d73a_2400x.jpg?v=1578756165,MAISON MARGIELA,accessory
SONG FOR THE MUTE MEN PARENTS PATCH POCKET JACKET,"$1,090.00 ",//cdn.shopify.com/s/files/1/0015/6611/3861/products/66d96fbd4d93f10f043602150f9e00c0_2400x.jpg?v=1578953714,SONG FOR THE MUTE,jacket
THOM BROWNE MEN CLASSIC V NECK CARDIGAN IN FINE MERINO WOOL W/ CB RWBINTARSIA STRIPE,"$1,090.00 ",//cdn.shopify.com/s/files/1/0015/6611/3861/products/80c988516eec685d5c0abde4905262c7_2400x.jpg?v=1581707008,THOM BROWNE,top
SAINT LAURENT MEN CLASSIC MONOGRAM LOGO BELT BAG,"$1,090.00 ",//cdn.shopify.com/s/files/1/0015/6611/3861/products/3e19824c5848e8f20fe4d50eece6710c_2400x.jpg?v=1581430135,SAINT LAURENT,accessory
SAINT LAURENT MEN WYATT 40 HARNESS BOOTS,"$1,095.00 ",//cdn.shopify.com/s/files/1/0015/6611/3861/products/42e45b6f0081ac3d812f0bf06a2eaed9_2400x.jpg?v=1576028758,SAINT LAURENT,footwear
MAISON MARGIELA MEN STITCHED TAG SWEATER,"$1,095.00 ",//cdn.shopify.com/s/files/1/0015/6611/3861/products/9efff43d13e7180c2658240d6eb6e249_2400x.jpg?v=1576267325,MAISON MARGIELA,top
VETEMENTS MEN ZIP OFF TRACKSUIT TROUSERS,"$1,095.00 ",//cdn.shopify.com/s/files/1/0015/6611/3861/products/76ef6d26629557e103b52b5dbdb1072e_2400x.jpg?v=1577385896,VETEMENTS,bottom
GUIDI MEN 795 SOFT HORSE LEATHER LACE UP BOOTS CO11T,"$1,100.00 ",//cdn.shopify.com/s/files/1/0015/6611/3861/products/9920df6c4b68bf5bfb31c8a0bfc2bffa_2400x.jpg?v=1560083976,GUIDI,footwear
VETEMENTS MENS PATCHED LONG SLEEVE HOODIE HIPHOP,"$1,105.00 ",//cdn.shopify.com/s/files/1/0015/6611/3861/products/a21cf53eed7ea7474ae83af6fe17b285_2400x.jpg?v=1584137454,VETEMENTS,top
BORIS BIDJAN SABERI MEN P28 PANTS,"$1,135.00 ",//cdn.shopify.com/s/files/1/0015/6611/3861/products/ebea46e05778cc28d536634c4f9a6e54_2400x.jpg?v=1583259789,BORIS BIDJAN SABERI,bottom
VETEMENTS MENS UNIFORM SHIRT,"$1,140.00 ",//cdn.shopify.com/s/files/1/0015/6611/3861/products/2f822efbed1c5f5eb3c783c774979ff8_2400x.jpg?v=1584137040,VETEMENTS,top
SAINT LAURENT MEN LUKAS 40 FRINGE CHELSEA BOOTS,"$1,140.00 ",//cdn.shopify.com/s/files/1/0015/6611/3861/products/a4614c1fdf71cbe8755e3e5b3eb21849_2400x.jpg?v=1584041404,SAINT LAURENT,footwear
MAISON MARGIELA MEN TABI LOW HEEL BOOTS,"$1,145.00 ",//cdn.shopify.com/s/files/1/0015/6611/3861/products/653f3f3954160331364018b8d9efd3f3_2400x.jpg?v=1580411242,MAISON MARGIELA,footwear
SAINT LAURENT MEN COTTON GABARDINE PARKA CAPUCHE,"$1,145.00 ",//cdn.shopify.com/s/files/1/0015/6611/3861/products/242cd3d25382bae3202334550071beaa_2400x.jpg?v=1559080199,SAINT LAURENT,jacket
THOM BROWNE MEN DIAGONAL STITCH SADDLE SLEEVE CLASSIC CREW NECK PULLOVER WITH 4 BAR STRIPE IN FINE,"$1,150.00 ",//cdn.shopify.com/s/files/1/0015/6611/3861/products/f36bfb0e504269428c54cdd4cf16014a_2400x.jpg?v=1577833505,THOM BROWNE,top
,,,,
,,,,
,,,,
,,,,
,,,,
,,,,
,,,,
,,,,
,,,,
,,,,
,,,,
,,,,
,,,,
,,,,
,,,,
,,,,
,,,,
,,,,
,,,,
,,,,
,,,,
,,,,
,,,,
,,,,
,,,,
,,,,
,,,,
,,,,
,,,,
,,,,
,,,,
,,,,
,,,,
,,,,
,,,,
,,,,
,,,,
,,,,
,,,,
,,,,
,,,,
,,,,
,,,,
,,,,
,,,,
,,,,
,,,,
,,,,
,,,,
,,,,
,,,,
,,,,
,,,,
,,,,
,,,,
,,,,
,,,,
,,,,
,,,,
,,,,
,,,,
,,,,
,,,,
,,,,
,,,,
,,,,
,,,,
,,,,
,,,,
,,,,
,,,,
,,,,
,,,,
,,,,
,,,,
,,,,
,,,,
,,,,
,,,,
,,,,
,,,,
,,,,
,,,,
,,,,
,,,,
,,,,
,,,,
,,,,
,,,,
,,,,
,,,,
,,,,
,,,,
,,,,
,,,,
,,,,
,,,,
,,,,
,,,,
,,,,
,,,,
,,,,
,,,,
,,,,
,,,,
,,,,
,,,,
,,,,
,,,,
,,,,
,,,,
,,,,
,,,,
,,,,
,,,,
,,,,
,,,,
,,,,
,,,,
,,,,
,,,,
,,,,
,,,,
,,,,
,,,,
,,,,
,,,,
,,,,
,,,,
,,,,
,,,,
,,,,
,,,,
,,,,
,,,,
,,,,
,,,,
,,,,
,,,,
,,,,
,,,,
,,,,
,,,,
,,,,
,,,,
,,,,
,,,,
,,,,
,,,,
,,,,
,,,,
,,,,
,,,,
,,,,
,,,,
,,,,
,,,,
,,,,
,,,,
,,,,
,,,,
,,,,
,,,,
,,,,
,,,,
,,,,
,,,,
,,,,
,,,,
,,,,
,,,,
,,,,
,,,,
,,,,
,,,,
,,,,
,,,,
,,,,
,,,,
,,,,
,,,,
,,,,
,,,,
,,,,
,,,,
,,,,
,,,,
,,,,
,,,,
,,,,
,,,,
,,,,
,,,,
,,,,
,,,,
,,,,
,,,,
,,,,
,,,,
,,,,
,,,,
,,,,
,,,,
,,,,
,,,,
,,,,
,,,,
,,,,
,,,,
,,,,
,,,,
,,,,
,,,,
,,,,
,,,,
,,,,
,,,,
,,,,
,,,,
,,,,
,,,,
,,,,
,,,,
,,,,
,,,,
,,,,
,,,,
,,,,
,,,,
,,,,
,,,,
,,,,
,,,,
,,,,
,,,,
,,,,
,,,,
,,,,
,,,,
,,,,
,,,,
,,,,
,,,,
,,,,
,,,,
,,,,
,,,,
,,,,
,,,,
